record_type,nlist,list_id,list_vectors,list_pages,mean_pages,median_pages,max_pages,cv_pages
list,512,0,1343,42,,,,
list,512,1,2366,74,,,,
list,512,2,3983,125,,,,
list,512,3,556,18,,,,
list,512,4,2087,66,,,,
list,512,5,3437,108,,,,
list,512,6,2116,67,,,,
list,512,7,2955,93,,,,
list,512,8,3035,95,,,,
list,512,9,1571,50,,,,
list,512,10,2623,82,,,,
list,512,11,782,25,,,,
list,512,12,3430,108,,,,
list,512,13,1468,46,,,,
list,512,14,4534,142,,,,
list,512,15,569,18,,,,
list,512,16,1376,43,,,,
list,512,17,2959,93,,,,
list,512,18,1218,39,,,,
list,512,19,2506,79,,,,
list,512,20,1266,40,,,,
list,512,21,1185,38,,,,
list,512,22,3970,125,,,,
list,512,23,2829,89,,,,
list,512,24,1245,39,,,,
list,512,25,3581,112,,,,
list,512,26,1892,60,,,,
list,512,27,1484,47,,,,
list,512,28,1895,60,,,,
list,512,29,2450,77,,,,
list,512,30,891,28,,,,
list,512,31,2158,68,,,,
list,512,32,1785,56,,,,
list,512,33,2949,93,,,,
list,512,34,1850,58,,,,
list,512,35,1772,56,,,,
list,512,36,1788,56,,,,
list,512,37,1919,60,,,,
list,512,38,1409,45,,,,
list,512,39,458,15,,,,
list,512,40,3005,94,,,,
list,512,41,1299,41,,,,
list,512,42,1899,60,,,,
list,512,43,2934,92,,,,
list,512,44,1197,38,,,,
list,512,45,2283,72,,,,
list,512,46,1543,49,,,,
list,512,47,989,31,,,,
list,512,48,1867,59,,,,
list,512,49,1894,60,,,,
list,512,50,1976,62,,,,
list,512,51,3733,117,,,,
list,512,52,2332,73,,,,
list,512,53,3104,97,,,,
list,512,54,1077,34,,,,
list,512,55,1157,37,,,,
list,512,56,1068,34,,,,
list,512,57,3359,105,,,,
list,512,58,3941,124,,,,
list,512,59,840,27,,,,
list,512,60,2454,77,,,,
list,512,61,2394,75,,,,
list,512,62,1767,56,,,,
list,512,63,2088,66,,,,
list,512,64,3124,98,,,,
list,512,65,2619,82,,,,
list,512,66,4110,129,,,,
list,512,67,3281,103,,,,
list,512,68,1979,62,,,,
list,512,69,1629,51,,,,
list,512,70,2059,65,,,,
list,512,71,2626,83,,,,
list,512,72,4678,147,,,,
list,512,73,3993,125,,,,
list,512,74,1542,49,,,,
list,512,75,2198,69,,,,
list,512,76,1659,52,,,,
list,512,77,2562,81,,,,
list,512,78,2361,74,,,,
list,512,79,2392,75,,,,
list,512,80,3823,120,,,,
list,512,81,2652,83,,,,
list,512,82,1631,51,,,,
list,512,83,1458,46,,,,
list,512,84,1402,44,,,,
list,512,85,1358,43,,,,
list,512,86,808,26,,,,
list,512,87,2019,64,,,,
list,512,88,1682,53,,,,
list,512,89,2276,72,,,,
list,512,90,2593,82,,,,
list,512,91,1259,40,,,,
list,512,92,2162,68,,,,
list,512,93,1216,38,,,,
list,512,94,1025,33,,,,
list,512,95,4574,143,,,,
list,512,96,2092,66,,,,
list,512,97,3740,117,,,,
list,512,98,2808,88,,,,
list,512,99,993,32,,,,
list,512,100,1391,44,,,,
list,512,101,2791,88,,,,
list,512,102,2439,77,,,,
list,512,103,3060,96,,,,
list,512,104,3090,97,,,,
list,512,105,3416,107,,,,
list,512,106,2297,72,,,,
list,512,107,1002,32,,,,
list,512,108,1116,35,,,,
list,512,109,5040,158,,,,
list,512,110,2256,71,,,,
list,512,111,4781,150,,,,
list,512,112,2500,79,,,,
list,512,113,1861,59,,,,
list,512,114,3855,121,,,,
list,512,115,4897,154,,,,
list,512,116,1285,41,,,,
list,512,117,3675,115,,,,
list,512,118,1894,60,,,,
list,512,119,1630,51,,,,
list,512,120,1895,60,,,,
list,512,121,1556,49,,,,
list,512,122,1255,40,,,,
list,512,123,924,29,,,,
list,512,124,2333,73,,,,
list,512,125,1570,50,,,,
list,512,126,734,23,,,,
list,512,127,4300,135,,,,
list,512,128,1231,39,,,,
list,512,129,1330,42,,,,
list,512,130,2614,82,,,,
list,512,131,2667,84,,,,
list,512,132,1623,51,,,,
list,512,133,2338,74,,,,
list,512,134,688,22,,,,
list,512,135,1993,63,,,,
list,512,136,3594,113,,,,
list,512,137,1270,40,,,,
list,512,138,2474,78,,,,
list,512,139,2634,83,,,,
list,512,140,2503,79,,,,
list,512,141,1761,56,,,,
list,512,142,3066,96,,,,
list,512,143,2691,85,,,,
list,512,144,2535,80,,,,
list,512,145,2553,80,,,,
list,512,146,1394,44,,,,
list,512,147,1449,46,,,,
list,512,148,4636,145,,,,
list,512,149,2522,79,,,,
list,512,150,3987,125,,,,
list,512,151,3959,124,,,,
list,512,152,5179,162,,,,
list,512,153,1880,59,,,,
list,512,154,2627,83,,,,
list,512,155,2432,76,,,,
list,512,156,4371,137,,,,
list,512,157,3356,105,,,,
list,512,158,1774,56,,,,
list,512,159,1782,56,,,,
list,512,160,957,30,,,,
list,512,161,2177,69,,,,
list,512,162,1345,43,,,,
list,512,163,1218,39,,,,
list,512,164,2599,82,,,,
list,512,165,2400,75,,,,
list,512,166,3170,100,,,,
list,512,167,3146,99,,,,
list,512,168,2778,87,,,,
list,512,169,1304,41,,,,
list,512,170,3908,123,,,,
list,512,171,1522,48,,,,
list,512,172,1825,58,,,,
list,512,173,1918,60,,,,
list,512,174,1887,59,,,,
list,512,175,720,23,,,,
list,512,176,2753,87,,,,
list,512,177,1360,43,,,,
list,512,178,2810,88,,,,
list,512,179,2684,84,,,,
list,512,180,3056,96,,,,
list,512,181,2115,67,,,,
list,512,182,1226,39,,,,
list,512,183,1022,32,,,,
list,512,184,1058,34,,,,
list,512,185,1513,48,,,,
list,512,186,2462,77,,,,
list,512,187,3380,106,,,,
list,512,188,2091,66,,,,
list,512,189,2626,83,,,,
list,512,190,2916,92,,,,
list,512,191,1456,46,,,,
list,512,192,1360,43,,,,
list,512,193,4551,143,,,,
list,512,194,5597,175,,,,
list,512,195,4341,136,,,,
list,512,196,3381,106,,,,
list,512,197,1650,52,,,,
list,512,198,1211,38,,,,
list,512,199,2458,77,,,,
list,512,200,4108,129,,,,
list,512,201,2370,75,,,,
list,512,202,1228,39,,,,
list,512,203,1796,57,,,,
list,512,204,2696,85,,,,
list,512,205,1911,60,,,,
list,512,206,1028,33,,,,
list,512,207,3479,109,,,,
list,512,208,3478,109,,,,
list,512,209,3007,94,,,,
list,512,210,3394,107,,,,
list,512,211,2738,86,,,,
list,512,212,2047,64,,,,
list,512,213,3602,113,,,,
list,512,214,3466,109,,,,
list,512,215,5328,167,,,,
list,512,216,1576,50,,,,
list,512,217,1860,59,,,,
list,512,218,1134,36,,,,
list,512,219,1252,40,,,,
list,512,220,1992,63,,,,
list,512,221,2685,84,,,,
list,512,222,2078,65,,,,
list,512,223,2420,76,,,,
list,512,224,1709,54,,,,
list,512,225,1441,46,,,,
list,512,226,2101,66,,,,
list,512,227,1191,38,,,,
list,512,228,4447,139,,,,
list,512,229,1178,37,,,,
list,512,230,3316,104,,,,
list,512,231,742,24,,,,
list,512,232,1296,41,,,,
list,512,233,2506,79,,,,
list,512,234,2284,72,,,,
list,512,235,4058,127,,,,
list,512,236,1072,34,,,,
list,512,237,1304,41,,,,
list,512,238,2061,65,,,,
list,512,239,1935,61,,,,
list,512,240,1019,32,,,,
list,512,241,4254,133,,,,
list,512,242,2758,87,,,,
list,512,243,2281,72,,,,
list,512,244,3588,113,,,,
list,512,245,1229,39,,,,
list,512,246,1690,53,,,,
list,512,247,2040,64,,,,
list,512,248,742,24,,,,
list,512,249,2004,63,,,,
list,512,250,1924,61,,,,
list,512,251,2342,74,,,,
list,512,252,3578,112,,,,
list,512,253,2847,89,,,,
list,512,254,975,31,,,,
list,512,255,3751,118,,,,
list,512,256,1891,60,,,,
list,512,257,2453,77,,,,
list,512,258,2887,91,,,,
list,512,259,1252,40,,,,
list,512,260,2261,71,,,,
list,512,261,901,29,,,,
list,512,262,2899,91,,,,
list,512,263,1070,34,,,,
list,512,264,3072,96,,,,
list,512,265,2905,91,,,,
list,512,266,768,24,,,,
list,512,267,2233,70,,,,
list,512,268,2545,80,,,,
list,512,269,2795,88,,,,
list,512,270,2280,72,,,,
list,512,271,2468,78,,,,
list,512,272,1373,43,,,,
list,512,273,1917,60,,,,
list,512,274,3285,103,,,,
list,512,275,1315,42,,,,
list,512,276,2261,71,,,,
list,512,277,2219,70,,,,
list,512,278,1552,49,,,,
list,512,279,1748,55,,,,
list,512,280,2131,67,,,,
list,512,281,1743,55,,,,
list,512,282,4076,128,,,,
list,512,283,4239,133,,,,
list,512,284,2785,88,,,,
list,512,285,5387,169,,,,
list,512,286,1395,44,,,,
list,512,287,2131,67,,,,
list,512,288,1394,44,,,,
list,512,289,1956,62,,,,
list,512,290,3428,108,,,,
list,512,291,1797,57,,,,
list,512,292,3023,95,,,,
list,512,293,1043,33,,,,
list,512,294,4961,156,,,,
list,512,295,2406,76,,,,
list,512,296,3929,123,,,,
list,512,297,1552,49,,,,
list,512,298,3106,98,,,,
list,512,299,2736,86,,,,
list,512,300,3022,95,,,,
list,512,301,1393,44,,,,
list,512,302,2227,70,,,,
list,512,303,3255,102,,,,
list,512,304,1860,59,,,,
list,512,305,1075,34,,,,
list,512,306,2197,69,,,,
list,512,307,849,27,,,,
list,512,308,2514,79,,,,
list,512,309,692,22,,,,
list,512,310,1456,46,,,,
list,512,311,2450,77,,,,
list,512,312,1435,45,,,,
list,512,313,2745,86,,,,
list,512,314,2396,75,,,,
list,512,315,994,32,,,,
list,512,316,3887,122,,,,
list,512,317,1168,37,,,,
list,512,318,2054,65,,,,
list,512,319,1847,58,,,,
list,512,320,3164,99,,,,
list,512,321,2088,66,,,,
list,512,322,2485,78,,,,
list,512,323,2273,72,,,,
list,512,324,3534,111,,,,
list,512,325,3566,112,,,,
list,512,326,3161,99,,,,
list,512,327,1706,54,,,,
list,512,328,2095,66,,,,
list,512,329,786,25,,,,
list,512,330,1065,34,,,,
list,512,331,1697,54,,,,
list,512,332,2219,70,,,,
list,512,333,1912,60,,,,
list,512,334,1671,53,,,,
list,512,335,1492,47,,,,
list,512,336,1684,53,,,,
list,512,337,2881,91,,,,
list,512,338,1828,58,,,,
list,512,339,3055,96,,,,
list,512,340,1828,58,,,,
list,512,341,2365,74,,,,
list,512,342,1980,62,,,,
list,512,343,1458,46,,,,
list,512,344,1790,56,,,,
list,512,345,3199,100,,,,
list,512,346,1805,57,,,,
list,512,347,1547,49,,,,
list,512,348,2158,68,,,,
list,512,349,3056,96,,,,
list,512,350,2188,69,,,,
list,512,351,555,18,,,,
list,512,352,1032,33,,,,
list,512,353,2001,63,,,,
list,512,354,802,26,,,,
list,512,355,2127,67,,,,
list,512,356,2837,89,,,,
list,512,357,1689,53,,,,
list,512,358,1519,48,,,,
list,512,359,3102,97,,,,
list,512,360,3057,96,,,,
list,512,361,1622,51,,,,
list,512,362,2427,76,,,,
list,512,363,1555,49,,,,
list,512,364,1652,52,,,,
list,512,365,763,24,,,,
list,512,366,935,30,,,,
list,512,367,2223,70,,,,
list,512,368,2807,88,,,,
list,512,369,1141,36,,,,
list,512,370,1333,42,,,,
list,512,371,1298,41,,,,
list,512,372,3485,109,,,,
list,512,373,1086,34,,,,
list,512,374,1913,60,,,,
list,512,375,1862,59,,,,
list,512,376,2881,91,,,,
list,512,377,2871,90,,,,
list,512,378,1619,51,,,,
list,512,379,2607,82,,,,
list,512,380,2855,90,,,,
list,512,381,4204,132,,,,
list,512,382,2170,68,,,,
list,512,383,4521,142,,,,
list,512,384,2973,93,,,,
list,512,385,1092,35,,,,
list,512,386,3001,94,,,,
list,512,387,2491,78,,,,
list,512,388,1835,58,,,,
list,512,389,2950,93,,,,
list,512,390,2650,83,,,,
list,512,391,631,20,,,,
list,512,392,1983,62,,,,
list,512,393,3225,101,,,,
list,512,394,3036,95,,,,
list,512,395,1855,58,,,,
list,512,396,2127,67,,,,
list,512,397,1500,47,,,,
list,512,398,3523,111,,,,
list,512,399,2912,91,,,,
list,512,400,3127,98,,,,
list,512,401,2750,86,,,,
list,512,402,3326,104,,,,
list,512,403,4333,136,,,,
list,512,404,3409,107,,,,
list,512,405,1596,50,,,,
list,512,406,2424,76,,,,
list,512,407,2084,66,,,,
list,512,408,1594,50,,,,
list,512,409,1949,61,,,,
list,512,410,2137,67,,,,
list,512,411,1321,42,,,,
list,512,412,1858,59,,,,
list,512,413,6753,212,,,,
list,512,414,2198,69,,,,
list,512,415,2150,68,,,,
list,512,416,1308,41,,,,
list,512,417,1560,49,,,,
list,512,418,2603,82,,,,
list,512,419,1501,47,,,,
list,512,420,3728,117,,,,
list,512,421,3752,118,,,,
list,512,422,2742,86,,,,
list,512,423,3276,103,,,,
list,512,424,2370,75,,,,
list,512,425,2619,82,,,,
list,512,426,2884,91,,,,
list,512,427,3273,103,,,,
list,512,428,1762,56,,,,
list,512,429,3462,109,,,,
list,512,430,3708,116,,,,
list,512,431,2333,73,,,,
list,512,432,1658,52,,,,
list,512,433,1344,42,,,,
list,512,434,2733,86,,,,
list,512,435,2154,68,,,,
list,512,436,1101,35,,,,
list,512,437,3280,103,,,,
list,512,438,2948,93,,,,
list,512,439,2782,87,,,,
list,512,440,1960,62,,,,
list,512,441,2051,65,,,,
list,512,442,875,28,,,,
list,512,443,1381,44,,,,
list,512,444,2248,71,,,,
list,512,445,2405,76,,,,
list,512,446,1284,41,,,,
list,512,447,3426,108,,,,
list,512,448,2529,80,,,,
list,512,449,1662,52,,,,
list,512,450,3193,100,,,,
list,512,451,1333,42,,,,
list,512,452,2046,64,,,,
list,512,453,2167,68,,,,
list,512,454,2313,73,,,,
list,512,455,1203,38,,,,
list,512,456,1884,59,,,,
list,512,457,1975,62,,,,
list,512,458,2285,72,,,,
list,512,459,1195,38,,,,
list,512,460,1769,56,,,,
list,512,461,3618,114,,,,
list,512,462,2561,81,,,,
list,512,463,2243,71,,,,
list,512,464,1982,62,,,,
list,512,465,3214,101,,,,
list,512,466,1601,51,,,,
list,512,467,2765,87,,,,
list,512,468,2824,89,,,,
list,512,469,850,27,,,,
list,512,470,1302,41,,,,
list,512,471,695,22,,,,
list,512,472,3129,98,,,,
list,512,473,1348,43,,,,
list,512,474,1197,38,,,,
list,512,475,1093,35,,,,
list,512,476,2390,75,,,,
list,512,477,2289,72,,,,
list,512,478,1536,48,,,,
list,512,479,2975,93,,,,
list,512,480,4971,156,,,,
list,512,481,4542,142,,,,
list,512,482,2152,68,,,,
list,512,483,2170,68,,,,
list,512,484,1598,50,,,,
list,512,485,2459,77,,,,
list,512,486,1638,52,,,,
list,512,487,3204,101,,,,
list,512,488,4729,148,,,,
list,512,489,3434,108,,,,
list,512,490,1802,57,,,,
list,512,491,4138,130,,,,
list,512,492,2137,67,,,,
list,512,493,1825,58,,,,
list,512,494,1415,45,,,,
list,512,495,2504,79,,,,
list,512,496,3727,117,,,,
list,512,497,1164,37,,,,
list,512,498,2990,94,,,,
list,512,499,2378,75,,,,
list,512,500,4143,130,,,,
list,512,501,2051,65,,,,
list,512,502,1297,41,,,,
list,512,503,5287,166,,,,
list,512,504,2225,70,,,,
list,512,505,3372,106,,,,
list,512,506,2452,77,,,,
list,512,507,947,30,,,,
list,512,508,4500,141,,,,
list,512,509,1651,52,,,,
list,512,510,3090,97,,,,
list,512,511,3365,106,,,,
summary,512,,,,72.734375000,68.000000000,212,0.438123813
list,1024,0,326,11,,,,
list,1024,1,871,28,,,,
list,1024,2,610,20,,,,
list,1024,3,657,21,,,,
list,1024,4,630,20,,,,
list,1024,5,1523,48,,,,
list,1024,6,1047,33,,,,
list,1024,7,905,29,,,,
list,1024,8,1062,34,,,,
list,1024,9,1016,32,,,,
list,1024,10,2170,68,,,,
list,1024,11,1570,50,,,,
list,1024,12,850,27,,,,
list,1024,13,1608,51,,,,
list,1024,14,613,20,,,,
list,1024,15,841,27,,,,
list,1024,16,1013,32,,,,
list,1024,17,623,20,,,,
list,1024,18,555,18,,,,
list,1024,19,1481,47,,,,
list,1024,20,1234,39,,,,
list,1024,21,1672,53,,,,
list,1024,22,1615,51,,,,
list,1024,23,640,20,,,,
list,1024,24,853,27,,,,
list,1024,25,1977,62,,,,
list,1024,26,735,23,,,,
list,1024,27,966,31,,,,
list,1024,28,1944,61,,,,
list,1024,29,807,26,,,,
list,1024,30,1120,35,,,,
list,1024,31,1852,58,,,,
list,1024,32,1535,48,,,,
list,1024,33,1227,39,,,,
list,1024,34,802,26,,,,
list,1024,35,1070,34,,,,
list,1024,36,1554,49,,,,
list,1024,37,671,21,,,,
list,1024,38,1247,39,,,,
list,1024,39,1834,58,,,,
list,1024,40,860,27,,,,
list,1024,41,748,24,,,,
list,1024,42,645,21,,,,
list,1024,43,1013,32,,,,
list,1024,44,1510,48,,,,
list,1024,45,1792,56,,,,
list,1024,46,1070,34,,,,
list,1024,47,658,21,,,,
list,1024,48,1250,40,,,,
list,1024,49,1574,50,,,,
list,1024,50,590,19,,,,
list,1024,51,2880,90,,,,
list,1024,52,1131,36,,,,
list,1024,53,1030,33,,,,
list,1024,54,1181,37,,,,
list,1024,55,1261,40,,,,
list,1024,56,552,18,,,,
list,1024,57,1927,61,,,,
list,1024,58,542,17,,,,
list,1024,59,599,19,,,,
list,1024,60,238,8,,,,
list,1024,61,736,23,,,,
list,1024,62,661,21,,,,
list,1024,63,1601,51,,,,
list,1024,64,639,20,,,,
list,1024,65,585,19,,,,
list,1024,66,869,28,,,,
list,1024,67,1741,55,,,,
list,1024,68,1621,51,,,,
list,1024,69,1992,63,,,,
list,1024,70,980,31,,,,
list,1024,71,180,6,,,,
list,1024,72,1387,44,,,,
list,1024,73,946,30,,,,
list,1024,74,893,28,,,,
list,1024,75,874,28,,,,
list,1024,76,1106,35,,,,
list,1024,77,718,23,,,,
list,1024,78,1654,52,,,,
list,1024,79,3365,106,,,,
list,1024,80,1781,56,,,,
list,1024,81,1238,39,,,,
list,1024,82,492,16,,,,
list,1024,83,336,11,,,,
list,1024,84,698,22,,,,
list,1024,85,1429,45,,,,
list,1024,86,498,16,,,,
list,1024,87,2045,64,,,,
list,1024,88,498,16,,,,
list,1024,89,1594,50,,,,
list,1024,90,1293,41,,,,
list,1024,91,1600,50,,,,
list,1024,92,2355,74,,,,
list,1024,93,790,25,,,,
list,1024,94,497,16,,,,
list,1024,95,756,24,,,,
list,1024,96,2705,85,,,,
list,1024,97,1729,55,,,,
list,1024,98,974,31,,,,
list,1024,99,432,14,,,,
list,1024,100,1121,36,,,,
list,1024,101,1410,45,,,,
list,1024,102,964,31,,,,
list,1024,103,1517,48,,,,
list,1024,104,538,17,,,,
list,1024,105,1172,37,,,,
list,1024,106,2191,69,,,,
list,1024,107,1049,33,,,,
list,1024,108,1062,34,,,,
list,1024,109,508,16,,,,
list,1024,110,814,26,,,,
list,1024,111,1054,33,,,,
list,1024,112,1114,35,,,,
list,1024,113,734,23,,,,
list,1024,114,476,15,,,,
list,1024,115,678,22,,,,
list,1024,116,2970,93,,,,
list,1024,117,616,20,,,,
list,1024,118,1658,52,,,,
list,1024,119,802,26,,,,
list,1024,120,1116,35,,,,
list,1024,121,904,29,,,,
list,1024,122,976,31,,,,
list,1024,123,885,28,,,,
list,1024,124,1225,39,,,,
list,1024,125,913,29,,,,
list,1024,126,2320,73,,,,
list,1024,127,1008,32,,,,
list,1024,128,1553,49,,,,
list,1024,129,558,18,,,,
list,1024,130,1435,45,,,,
list,1024,131,1310,41,,,,
list,1024,132,1849,58,,,,
list,1024,133,1310,41,,,,
list,1024,134,849,27,,,,
list,1024,135,980,31,,,,
list,1024,136,1989,63,,,,
list,1024,137,1330,42,,,,
list,1024,138,1721,54,,,,
list,1024,139,1031,33,,,,
list,1024,140,740,24,,,,
list,1024,141,711,23,,,,
list,1024,142,1195,38,,,,
list,1024,143,1007,32,,,,
list,1024,144,994,32,,,,
list,1024,145,1290,41,,,,
list,1024,146,2088,66,,,,
list,1024,147,906,29,,,,
list,1024,148,965,31,,,,
list,1024,149,1162,37,,,,
list,1024,150,785,25,,,,
list,1024,151,867,28,,,,
list,1024,152,1354,43,,,,
list,1024,153,1160,37,,,,
list,1024,154,1385,44,,,,
list,1024,155,835,27,,,,
list,1024,156,964,31,,,,
list,1024,157,960,30,,,,
list,1024,158,463,15,,,,
list,1024,159,657,21,,,,
list,1024,160,431,14,,,,
list,1024,161,1370,43,,,,
list,1024,162,1290,41,,,,
list,1024,163,546,18,,,,
list,1024,164,2055,65,,,,
list,1024,165,1941,61,,,,
list,1024,166,708,23,,,,
list,1024,167,1186,38,,,,
list,1024,168,964,31,,,,
list,1024,169,1646,52,,,,
list,1024,170,1622,51,,,,
list,1024,171,1303,41,,,,
list,1024,172,2629,83,,,,
list,1024,173,1950,61,,,,
list,1024,174,1523,48,,,,
list,1024,175,1798,57,,,,
list,1024,176,1160,37,,,,
list,1024,177,853,27,,,,
list,1024,178,954,30,,,,
list,1024,179,1056,33,,,,
list,1024,180,677,22,,,,
list,1024,181,801,26,,,,
list,1024,182,2026,64,,,,
list,1024,183,1670,53,,,,
list,1024,184,455,15,,,,
list,1024,185,608,19,,,,
list,1024,186,500,16,,,,
list,1024,187,560,18,,,,
list,1024,188,1619,51,,,,
list,1024,189,931,30,,,,
list,1024,190,356,12,,,,
list,1024,191,1166,37,,,,
list,1024,192,1213,38,,,,
list,1024,193,1027,33,,,,
list,1024,194,1304,41,,,,
list,1024,195,689,22,,,,
list,1024,196,853,27,,,,
list,1024,197,1852,58,,,,
list,1024,198,770,25,,,,
list,1024,199,1059,34,,,,
list,1024,200,2088,66,,,,
list,1024,201,582,19,,,,
list,1024,202,2299,72,,,,
list,1024,203,953,30,,,,
list,1024,204,968,31,,,,
list,1024,205,1683,53,,,,
list,1024,206,336,11,,,,
list,1024,207,764,24,,,,
list,1024,208,1385,44,,,,
list,1024,209,300,10,,,,
list,1024,210,1179,37,,,,
list,1024,211,1045,33,,,,
list,1024,212,1068,34,,,,
list,1024,213,894,28,,,,
list,1024,214,1642,52,,,,
list,1024,215,2252,71,,,,
list,1024,216,890,28,,,,
list,1024,217,1320,42,,,,
list,1024,218,664,21,,,,
list,1024,219,870,28,,,,
list,1024,220,759,24,,,,
list,1024,221,1456,46,,,,
list,1024,222,1184,37,,,,
list,1024,223,1582,50,,,,
list,1024,224,1182,37,,,,
list,1024,225,877,28,,,,
list,1024,226,768,24,,,,
list,1024,227,1154,37,,,,
list,1024,228,1338,42,,,,
list,1024,229,1297,41,,,,
list,1024,230,919,29,,,,
list,1024,231,1184,37,,,,
list,1024,232,1367,43,,,,
list,1024,233,966,31,,,,
list,1024,234,903,29,,,,
list,1024,235,469,15,,,,
list,1024,236,1203,38,,,,
list,1024,237,1241,39,,,,
list,1024,238,1443,46,,,,
list,1024,239,598,19,,,,
list,1024,240,894,28,,,,
list,1024,241,665,21,,,,
list,1024,242,1725,54,,,,
list,1024,243,940,30,,,,
list,1024,244,1447,46,,,,
list,1024,245,1651,52,,,,
list,1024,246,539,17,,,,
list,1024,247,1071,34,,,,
list,1024,248,1131,36,,,,
list,1024,249,1485,47,,,,
list,1024,250,501,16,,,,
list,1024,251,536,17,,,,
list,1024,252,921,29,,,,
list,1024,253,1310,41,,,,
list,1024,254,559,18,,,,
list,1024,255,2497,79,,,,
list,1024,256,1094,35,,,,
list,1024,257,1184,37,,,,
list,1024,258,854,27,,,,
list,1024,259,1085,34,,,,
list,1024,260,1551,49,,,,
list,1024,261,1404,44,,,,
list,1024,262,1092,35,,,,
list,1024,263,1895,60,,,,
list,1024,264,554,18,,,,
list,1024,265,1385,44,,,,
list,1024,266,979,31,,,,
list,1024,267,1212,38,,,,
list,1024,268,2267,71,,,,
list,1024,269,902,29,,,,
list,1024,270,575,18,,,,
list,1024,271,635,20,,,,
list,1024,272,1195,38,,,,
list,1024,273,623,20,,,,
list,1024,274,1076,34,,,,
list,1024,275,1271,40,,,,
list,1024,276,1125,36,,,,
list,1024,277,961,31,,,,
list,1024,278,613,20,,,,
list,1024,279,952,30,,,,
list,1024,280,1186,38,,,,
list,1024,281,1881,59,,,,
list,1024,282,3384,106,,,,
list,1024,283,1492,47,,,,
list,1024,284,2094,66,,,,
list,1024,285,2043,64,,,,
list,1024,286,1581,50,,,,
list,1024,287,1477,47,,,,
list,1024,288,578,19,,,,
list,1024,289,2474,78,,,,
list,1024,290,1377,44,,,,
list,1024,291,2498,79,,,,
list,1024,292,969,31,,,,
list,1024,293,1121,36,,,,
list,1024,294,985,31,,,,
list,1024,295,1474,47,,,,
list,1024,296,1195,38,,,,
list,1024,297,1410,45,,,,
list,1024,298,657,21,,,,
list,1024,299,1352,43,,,,
list,1024,300,528,17,,,,
list,1024,301,1065,34,,,,
list,1024,302,1050,33,,,,
list,1024,303,1324,42,,,,
list,1024,304,1421,45,,,,
list,1024,305,1317,42,,,,
list,1024,306,515,17,,,,
list,1024,307,499,16,,,,
list,1024,308,2806,88,,,,
list,1024,309,709,23,,,,
list,1024,310,1776,56,,,,
list,1024,311,1543,49,,,,
list,1024,312,1026,33,,,,
list,1024,313,717,23,,,,
list,1024,314,1671,53,,,,
list,1024,315,1162,37,,,,
list,1024,316,1454,46,,,,
list,1024,317,719,23,,,,
list,1024,318,1437,45,,,,
list,1024,319,954,30,,,,
list,1024,320,679,22,,,,
list,1024,321,1271,40,,,,
list,1024,322,1518,48,,,,
list,1024,323,2506,79,,,,
list,1024,324,445,14,,,,
list,1024,325,1140,36,,,,
list,1024,326,715,23,,,,
list,1024,327,931,30,,,,
list,1024,328,1347,43,,,,
list,1024,329,1097,35,,,,
list,1024,330,887,28,,,,
list,1024,331,970,31,,,,
list,1024,332,755,24,,,,
list,1024,333,1489,47,,,,
list,1024,334,1603,51,,,,
list,1024,335,701,22,,,,
list,1024,336,1717,54,,,,
list,1024,337,1688,53,,,,
list,1024,338,494,16,,,,
list,1024,339,522,17,,,,
list,1024,340,765,24,,,,
list,1024,341,586,19,,,,
list,1024,342,1841,58,,,,
list,1024,343,722,23,,,,
list,1024,344,1210,38,,,,
list,1024,345,962,31,,,,
list,1024,346,676,22,,,,
list,1024,347,808,26,,,,
list,1024,348,788,25,,,,
list,1024,349,1759,55,,,,
list,1024,350,1213,38,,,,
list,1024,351,1414,45,,,,
list,1024,352,1116,35,,,,
list,1024,353,795,25,,,,
list,1024,354,1104,35,,,,
list,1024,355,764,24,,,,
list,1024,356,1068,34,,,,
list,1024,357,1341,42,,,,
list,1024,358,795,25,,,,
list,1024,359,1763,56,,,,
list,1024,360,1695,53,,,,
list,1024,361,841,27,,,,
list,1024,362,1175,37,,,,
list,1024,363,927,29,,,,
list,1024,364,1928,61,,,,
list,1024,365,1985,63,,,,
list,1024,366,645,21,,,,
list,1024,367,838,27,,,,
list,1024,368,1043,33,,,,
list,1024,369,1449,46,,,,
list,1024,370,1511,48,,,,
list,1024,371,989,31,,,,
list,1024,372,1669,53,,,,
list,1024,373,1356,43,,,,
list,1024,374,776,25,,,,
list,1024,375,1508,48,,,,
list,1024,376,418,14,,,,
list,1024,377,502,16,,,,
list,1024,378,1820,57,,,,
list,1024,379,1790,56,,,,
list,1024,380,1870,59,,,,
list,1024,381,557,18,,,,
list,1024,382,735,23,,,,
list,1024,383,549,18,,,,
list,1024,384,1166,37,,,,
list,1024,385,1688,53,,,,
list,1024,386,1357,43,,,,
list,1024,387,934,30,,,,
list,1024,388,1806,57,,,,
list,1024,389,877,28,,,,
list,1024,390,1409,45,,,,
list,1024,391,1433,45,,,,
list,1024,392,979,31,,,,
list,1024,393,2269,71,,,,
list,1024,394,740,24,,,,
list,1024,395,759,24,,,,
list,1024,396,1066,34,,,,
list,1024,397,1377,44,,,,
list,1024,398,1014,32,,,,
list,1024,399,2068,65,,,,
list,1024,400,907,29,,,,
list,1024,401,468,15,,,,
list,1024,402,1233,39,,,,
list,1024,403,681,22,,,,
list,1024,404,627,20,,,,
list,1024,405,1771,56,,,,
list,1024,406,608,19,,,,
list,1024,407,1421,45,,,,
list,1024,408,1064,34,,,,
list,1024,409,838,27,,,,
list,1024,410,731,23,,,,
list,1024,411,608,19,,,,
list,1024,412,1404,44,,,,
list,1024,413,945,30,,,,
list,1024,414,1458,46,,,,
list,1024,415,1731,55,,,,
list,1024,416,455,15,,,,
list,1024,417,1113,35,,,,
list,1024,418,1811,57,,,,
list,1024,419,650,21,,,,
list,1024,420,922,29,,,,
list,1024,421,744,24,,,,
list,1024,422,1935,61,,,,
list,1024,423,1047,33,,,,
list,1024,424,1167,37,,,,
list,1024,425,282,9,,,,
list,1024,426,858,27,,,,
list,1024,427,848,27,,,,
list,1024,428,1403,44,,,,
list,1024,429,1874,59,,,,
list,1024,430,377,12,,,,
list,1024,431,721,23,,,,
list,1024,432,1245,39,,,,
list,1024,433,1062,34,,,,
list,1024,434,2581,81,,,,
list,1024,435,1065,34,,,,
list,1024,436,2023,64,,,,
list,1024,437,1292,41,,,,
list,1024,438,582,19,,,,
list,1024,439,1383,44,,,,
list,1024,440,853,27,,,,
list,1024,441,2048,64,,,,
list,1024,442,574,18,,,,
list,1024,443,1115,35,,,,
list,1024,444,1167,37,,,,
list,1024,445,599,19,,,,
list,1024,446,515,17,,,,
list,1024,447,604,19,,,,
list,1024,448,1333,42,,,,
list,1024,449,794,25,,,,
list,1024,450,973,31,,,,
list,1024,451,1220,39,,,,
list,1024,452,1115,35,,,,
list,1024,453,583,19,,,,
list,1024,454,890,28,,,,
list,1024,455,1443,46,,,,
list,1024,456,1618,51,,,,
list,1024,457,1572,50,,,,
list,1024,458,638,20,,,,
list,1024,459,343,11,,,,
list,1024,460,1146,36,,,,
list,1024,461,1263,40,,,,
list,1024,462,1052,33,,,,
list,1024,463,747,24,,,,
list,1024,464,1514,48,,,,
list,1024,465,2219,70,,,,
list,1024,466,2368,74,,,,
list,1024,467,1223,39,,,,
list,1024,468,1680,53,,,,
list,1024,469,760,24,,,,
list,1024,470,1834,58,,,,
list,1024,471,1423,45,,,,
list,1024,472,669,21,,,,
list,1024,473,1172,37,,,,
list,1024,474,858,27,,,,
list,1024,475,1070,34,,,,
list,1024,476,1197,38,,,,
list,1024,477,923,29,,,,
list,1024,478,1932,61,,,,
list,1024,479,785,25,,,,
list,1024,480,2449,77,,,,
list,1024,481,1218,39,,,,
list,1024,482,1838,58,,,,
list,1024,483,925,29,,,,
list,1024,484,991,31,,,,
list,1024,485,640,20,,,,
list,1024,486,1572,50,,,,
list,1024,487,978,31,,,,
list,1024,488,649,21,,,,
list,1024,489,1402,44,,,,
list,1024,490,1496,47,,,,
list,1024,491,718,23,,,,
list,1024,492,998,32,,,,
list,1024,493,627,20,,,,
list,1024,494,1457,46,,,,
list,1024,495,1864,59,,,,
list,1024,496,1465,46,,,,
list,1024,497,2664,84,,,,
list,1024,498,1220,39,,,,
list,1024,499,851,27,,,,
list,1024,500,946,30,,,,
list,1024,501,1942,61,,,,
list,1024,502,2775,87,,,,
list,1024,503,630,20,,,,
list,1024,504,1024,32,,,,
list,1024,505,180,6,,,,
list,1024,506,1163,37,,,,
list,1024,507,1478,47,,,,
list,1024,508,2072,65,,,,
list,1024,509,1391,44,,,,
list,1024,510,243,8,,,,
list,1024,511,1151,36,,,,
list,1024,512,1142,36,,,,
list,1024,513,734,23,,,,
list,1024,514,872,28,,,,
list,1024,515,1429,45,,,,
list,1024,516,1426,45,,,,
list,1024,517,792,25,,,,
list,1024,518,1117,35,,,,
list,1024,519,1703,54,,,,
list,1024,520,432,14,,,,
list,1024,521,957,30,,,,
list,1024,522,867,28,,,,
list,1024,523,1382,44,,,,
list,1024,524,547,18,,,,
list,1024,525,1201,38,,,,
list,1024,526,430,14,,,,
list,1024,527,1184,37,,,,
list,1024,528,835,27,,,,
list,1024,529,1652,52,,,,
list,1024,530,1086,34,,,,
list,1024,531,1348,43,,,,
list,1024,532,721,23,,,,
list,1024,533,810,26,,,,
list,1024,534,759,24,,,,
list,1024,535,1184,37,,,,
list,1024,536,420,14,,,,
list,1024,537,561,18,,,,
list,1024,538,779,25,,,,
list,1024,539,1145,36,,,,
list,1024,540,958,30,,,,
list,1024,541,1327,42,,,,
list,1024,542,929,30,,,,
list,1024,543,2007,63,,,,
list,1024,544,230,8,,,,
list,1024,545,1537,49,,,,
list,1024,546,1711,54,,,,
list,1024,547,716,23,,,,
list,1024,548,1167,37,,,,
list,1024,549,601,19,,,,
list,1024,550,733,23,,,,
list,1024,551,1828,58,,,,
list,1024,552,845,27,,,,
list,1024,553,773,25,,,,
list,1024,554,631,20,,,,
list,1024,555,361,12,,,,
list,1024,556,1147,36,,,,
list,1024,557,1481,47,,,,
list,1024,558,526,17,,,,
list,1024,559,1122,36,,,,
list,1024,560,705,23,,,,
list,1024,561,1399,44,,,,
list,1024,562,1673,53,,,,
list,1024,563,463,15,,,,
list,1024,564,1921,61,,,,
list,1024,565,1086,34,,,,
list,1024,566,508,16,,,,
list,1024,567,1795,57,,,,
list,1024,568,1521,48,,,,
list,1024,569,1080,34,,,,
list,1024,570,2079,65,,,,
list,1024,571,1601,51,,,,
list,1024,572,489,16,,,,
list,1024,573,465,15,,,,
list,1024,574,1449,46,,,,
list,1024,575,631,20,,,,
list,1024,576,1139,36,,,,
list,1024,577,875,28,,,,
list,1024,578,657,21,,,,
list,1024,579,704,22,,,,
list,1024,580,761,24,,,,
list,1024,581,820,26,,,,
list,1024,582,1205,38,,,,
list,1024,583,774,25,,,,
list,1024,584,1298,41,,,,
list,1024,585,1298,41,,,,
list,1024,586,871,28,,,,
list,1024,587,1403,44,,,,
list,1024,588,2494,78,,,,
list,1024,589,1541,49,,,,
list,1024,590,1416,45,,,,
list,1024,591,1094,35,,,,
list,1024,592,772,25,,,,
list,1024,593,988,31,,,,
list,1024,594,1520,48,,,,
list,1024,595,1295,41,,,,
list,1024,596,963,31,,,,
list,1024,597,754,24,,,,
list,1024,598,1709,54,,,,
list,1024,599,1537,49,,,,
list,1024,600,1420,45,,,,
list,1024,601,1092,35,,,,
list,1024,602,1665,53,,,,
list,1024,603,776,25,,,,
list,1024,604,789,25,,,,
list,1024,605,510,16,,,,
list,1024,606,2243,71,,,,
list,1024,607,2777,87,,,,
list,1024,608,624,20,,,,
list,1024,609,827,26,,,,
list,1024,610,2142,67,,,,
list,1024,611,499,16,,,,
list,1024,612,1588,50,,,,
list,1024,613,936,30,,,,
list,1024,614,820,26,,,,
list,1024,615,1464,46,,,,
list,1024,616,1175,37,,,,
list,1024,617,703,22,,,,
list,1024,618,924,29,,,,
list,1024,619,1640,52,,,,
list,1024,620,2417,76,,,,
list,1024,621,1121,36,,,,
list,1024,622,1159,37,,,,
list,1024,623,386,13,,,,
list,1024,624,474,15,,,,
list,1024,625,541,17,,,,
list,1024,626,1831,58,,,,
list,1024,627,1189,38,,,,
list,1024,628,2332,73,,,,
list,1024,629,1697,54,,,,
list,1024,630,1925,61,,,,
list,1024,631,799,25,,,,
list,1024,632,879,28,,,,
list,1024,633,1132,36,,,,
list,1024,634,1220,39,,,,
list,1024,635,1776,56,,,,
list,1024,636,778,25,,,,
list,1024,637,1685,53,,,,
list,1024,638,561,18,,,,
list,1024,639,1016,32,,,,
list,1024,640,712,23,,,,
list,1024,641,1794,57,,,,
list,1024,642,579,19,,,,
list,1024,643,1176,37,,,,
list,1024,644,805,26,,,,
list,1024,645,919,29,,,,
list,1024,646,1330,42,,,,
list,1024,647,1021,32,,,,
list,1024,648,1130,36,,,,
list,1024,649,1411,45,,,,
list,1024,650,822,26,,,,
list,1024,651,1181,37,,,,
list,1024,652,1519,48,,,,
list,1024,653,415,13,,,,
list,1024,654,2290,72,,,,
list,1024,655,522,17,,,,
list,1024,656,1402,44,,,,
list,1024,657,583,19,,,,
list,1024,658,1793,57,,,,
list,1024,659,505,16,,,,
list,1024,660,494,16,,,,
list,1024,661,209,7,,,,
list,1024,662,1869,59,,,,
list,1024,663,753,24,,,,
list,1024,664,1069,34,,,,
list,1024,665,442,14,,,,
list,1024,666,1276,40,,,,
list,1024,667,1272,40,,,,
list,1024,668,2326,73,,,,
list,1024,669,1392,44,,,,
list,1024,670,468,15,,,,
list,1024,671,1348,43,,,,
list,1024,672,587,19,,,,
list,1024,673,1385,44,,,,
list,1024,674,855,27,,,,
list,1024,675,1421,45,,,,
list,1024,676,778,25,,,,
list,1024,677,1417,45,,,,
list,1024,678,1409,45,,,,
list,1024,679,503,16,,,,
list,1024,680,976,31,,,,
list,1024,681,699,22,,,,
list,1024,682,1478,47,,,,
list,1024,683,1160,37,,,,
list,1024,684,997,32,,,,
list,1024,685,888,28,,,,
list,1024,686,701,22,,,,
list,1024,687,775,25,,,,
list,1024,688,1252,40,,,,
list,1024,689,1180,37,,,,
list,1024,690,1273,40,,,,
list,1024,691,979,31,,,,
list,1024,692,1607,51,,,,
list,1024,693,1674,53,,,,
list,1024,694,1555,49,,,,
list,1024,695,824,26,,,,
list,1024,696,496,16,,,,
list,1024,697,486,16,,,,
list,1024,698,1910,60,,,,
list,1024,699,860,27,,,,
list,1024,700,917,29,,,,
list,1024,701,536,17,,,,
list,1024,702,788,25,,,,
list,1024,703,941,30,,,,
list,1024,704,1835,58,,,,
list,1024,705,579,19,,,,
list,1024,706,584,19,,,,
list,1024,707,967,31,,,,
list,1024,708,703,22,,,,
list,1024,709,692,22,,,,
list,1024,710,1133,36,,,,
list,1024,711,2023,64,,,,
list,1024,712,1539,49,,,,
list,1024,713,2364,74,,,,
list,1024,714,1948,61,,,,
list,1024,715,1939,61,,,,
list,1024,716,1443,46,,,,
list,1024,717,1186,38,,,,
list,1024,718,997,32,,,,
list,1024,719,1334,42,,,,
list,1024,720,420,14,,,,
list,1024,721,1360,43,,,,
list,1024,722,681,22,,,,
list,1024,723,1233,39,,,,
list,1024,724,2039,64,,,,
list,1024,725,678,22,,,,
list,1024,726,922,29,,,,
list,1024,727,444,14,,,,
list,1024,728,632,20,,,,
list,1024,729,810,26,,,,
list,1024,730,631,20,,,,
list,1024,731,2507,79,,,,
list,1024,732,1450,46,,,,
list,1024,733,958,30,,,,
list,1024,734,1197,38,,,,
list,1024,735,1617,51,,,,
list,1024,736,680,22,,,,
list,1024,737,611,20,,,,
list,1024,738,791,25,,,,
list,1024,739,1001,32,,,,
list,1024,740,1027,33,,,,
list,1024,741,2062,65,,,,
list,1024,742,876,28,,,,
list,1024,743,1048,33,,,,
list,1024,744,1731,55,,,,
list,1024,745,1113,35,,,,
list,1024,746,1236,39,,,,
list,1024,747,1471,46,,,,
list,1024,748,1956,62,,,,
list,1024,749,525,17,,,,
list,1024,750,1414,45,,,,
list,1024,751,1441,46,,,,
list,1024,752,1664,52,,,,
list,1024,753,1186,38,,,,
list,1024,754,866,28,,,,
list,1024,755,1373,43,,,,
list,1024,756,746,24,,,,
list,1024,757,2044,64,,,,
list,1024,758,888,28,,,,
list,1024,759,1361,43,,,,
list,1024,760,1625,51,,,,
list,1024,761,642,21,,,,
list,1024,762,1076,34,,,,
list,1024,763,1216,38,,,,
list,1024,764,1528,48,,,,
list,1024,765,834,27,,,,
list,1024,766,1680,53,,,,
list,1024,767,990,31,,,,
list,1024,768,2492,78,,,,
list,1024,769,1596,50,,,,
list,1024,770,1028,33,,,,
list,1024,771,1166,37,,,,
list,1024,772,1271,40,,,,
list,1024,773,1118,35,,,,
list,1024,774,879,28,,,,
list,1024,775,1437,45,,,,
list,1024,776,1741,55,,,,
list,1024,777,1507,48,,,,
list,1024,778,1006,32,,,,
list,1024,779,1349,43,,,,
list,1024,780,969,31,,,,
list,1024,781,838,27,,,,
list,1024,782,1081,34,,,,
list,1024,783,942,30,,,,
list,1024,784,1307,41,,,,
list,1024,785,883,28,,,,
list,1024,786,2021,64,,,,
list,1024,787,539,17,,,,
list,1024,788,1786,56,,,,
list,1024,789,1925,61,,,,
list,1024,790,832,26,,,,
list,1024,791,1094,35,,,,
list,1024,792,882,28,,,,
list,1024,793,1537,49,,,,
list,1024,794,1205,38,,,,
list,1024,795,415,13,,,,
list,1024,796,1471,46,,,,
list,1024,797,1253,40,,,,
list,1024,798,1843,58,,,,
list,1024,799,1107,35,,,,
list,1024,800,1800,57,,,,
list,1024,801,1097,35,,,,
list,1024,802,2578,81,,,,
list,1024,803,772,25,,,,
list,1024,804,2715,85,,,,
list,1024,805,1142,36,,,,
list,1024,806,1052,33,,,,
list,1024,807,970,31,,,,
list,1024,808,551,18,,,,
list,1024,809,1018,32,,,,
list,1024,810,1111,35,,,,
list,1024,811,1042,33,,,,
list,1024,812,998,32,,,,
list,1024,813,1491,47,,,,
list,1024,814,457,15,,,,
list,1024,815,648,21,,,,
list,1024,816,1382,44,,,,
list,1024,817,868,28,,,,
list,1024,818,1320,42,,,,
list,1024,819,773,25,,,,
list,1024,820,1083,34,,,,
list,1024,821,2002,63,,,,
list,1024,822,1565,49,,,,
list,1024,823,530,17,,,,
list,1024,824,1456,46,,,,
list,1024,825,1033,33,,,,
list,1024,826,640,20,,,,
list,1024,827,1075,34,,,,
list,1024,828,2429,76,,,,
list,1024,829,1181,37,,,,
list,1024,830,1747,55,,,,
list,1024,831,1957,62,,,,
list,1024,832,478,15,,,,
list,1024,833,1749,55,,,,
list,1024,834,1056,33,,,,
list,1024,835,1104,35,,,,
list,1024,836,671,21,,,,
list,1024,837,955,30,,,,
list,1024,838,874,28,,,,
list,1024,839,1542,49,,,,
list,1024,840,1071,34,,,,
list,1024,841,497,16,,,,
list,1024,842,1474,47,,,,
list,1024,843,793,25,,,,
list,1024,844,475,15,,,,
list,1024,845,629,20,,,,
list,1024,846,1014,32,,,,
list,1024,847,327,11,,,,
list,1024,848,380,12,,,,
list,1024,849,760,24,,,,
list,1024,850,1005,32,,,,
list,1024,851,1260,40,,,,
list,1024,852,2436,77,,,,
list,1024,853,1608,51,,,,
list,1024,854,787,25,,,,
list,1024,855,1356,43,,,,
list,1024,856,446,14,,,,
list,1024,857,1263,40,,,,
list,1024,858,588,19,,,,
list,1024,859,1992,63,,,,
list,1024,860,1149,36,,,,
list,1024,861,1107,35,,,,
list,1024,862,1261,40,,,,
list,1024,863,924,29,,,,
list,1024,864,2267,71,,,,
list,1024,865,987,31,,,,
list,1024,866,1419,45,,,,
list,1024,867,3183,100,,,,
list,1024,868,1360,43,,,,
list,1024,869,415,13,,,,
list,1024,870,760,24,,,,
list,1024,871,1461,46,,,,
list,1024,872,1224,39,,,,
list,1024,873,697,22,,,,
list,1024,874,1264,40,,,,
list,1024,875,1553,49,,,,
list,1024,876,1168,37,,,,
list,1024,877,838,27,,,,
list,1024,878,2912,91,,,,
list,1024,879,1606,51,,,,
list,1024,880,1638,52,,,,
list,1024,881,655,21,,,,
list,1024,882,456,15,,,,
list,1024,883,877,28,,,,
list,1024,884,1022,32,,,,
list,1024,885,889,28,,,,
list,1024,886,645,21,,,,
list,1024,887,783,25,,,,
list,1024,888,723,23,,,,
list,1024,889,790,25,,,,
list,1024,890,576,18,,,,
list,1024,891,2031,64,,,,
list,1024,892,1145,36,,,,
list,1024,893,658,21,,,,
list,1024,894,716,23,,,,
list,1024,895,1537,49,,,,
list,1024,896,854,27,,,,
list,1024,897,587,19,,,,
list,1024,898,1616,51,,,,
list,1024,899,676,22,,,,
list,1024,900,561,18,,,,
list,1024,901,887,28,,,,
list,1024,902,477,15,,,,
list,1024,903,747,24,,,,
list,1024,904,1859,59,,,,
list,1024,905,664,21,,,,
list,1024,906,1435,45,,,,
list,1024,907,1564,49,,,,
list,1024,908,1049,33,,,,
list,1024,909,668,21,,,,
list,1024,910,665,21,,,,
list,1024,911,2428,76,,,,
list,1024,912,1053,33,,,,
list,1024,913,538,17,,,,
list,1024,914,749,24,,,,
list,1024,915,857,27,,,,
list,1024,916,1359,43,,,,
list,1024,917,1132,36,,,,
list,1024,918,848,27,,,,
list,1024,919,1303,41,,,,
list,1024,920,2084,66,,,,
list,1024,921,1170,37,,,,
list,1024,922,977,31,,,,
list,1024,923,811,26,,,,
list,1024,924,563,18,,,,
list,1024,925,1038,33,,,,
list,1024,926,801,26,,,,
list,1024,927,867,28,,,,
list,1024,928,1381,44,,,,
list,1024,929,1340,42,,,,
list,1024,930,628,20,,,,
list,1024,931,1411,45,,,,
list,1024,932,2966,93,,,,
list,1024,933,1228,39,,,,
list,1024,934,1063,34,,,,
list,1024,935,581,19,,,,
list,1024,936,1096,35,,,,
list,1024,937,1092,35,,,,
list,1024,938,762,24,,,,
list,1024,939,2243,71,,,,
list,1024,940,564,18,,,,
list,1024,941,1158,37,,,,
list,1024,942,645,21,,,,
list,1024,943,1149,36,,,,
list,1024,944,607,19,,,,
list,1024,945,709,23,,,,
list,1024,946,1499,47,,,,
list,1024,947,946,30,,,,
list,1024,948,514,17,,,,
list,1024,949,1552,49,,,,
list,1024,950,677,22,,,,
list,1024,951,1068,34,,,,
list,1024,952,863,27,,,,
list,1024,953,638,20,,,,
list,1024,954,702,22,,,,
list,1024,955,1189,38,,,,
list,1024,956,1292,41,,,,
list,1024,957,926,29,,,,
list,1024,958,681,22,,,,
list,1024,959,1207,38,,,,
list,1024,960,1719,54,,,,
list,1024,961,1446,46,,,,
list,1024,962,1628,51,,,,
list,1024,963,2014,63,,,,
list,1024,964,1475,47,,,,
list,1024,965,2310,73,,,,
list,1024,966,1031,33,,,,
list,1024,967,642,21,,,,
list,1024,968,1263,40,,,,
list,1024,969,1577,50,,,,
list,1024,970,1464,46,,,,
list,1024,971,1328,42,,,,
list,1024,972,514,17,,,,
list,1024,973,715,23,,,,
list,1024,974,1664,52,,,,
list,1024,975,1032,33,,,,
list,1024,976,1106,35,,,,
list,1024,977,1281,41,,,,
list,1024,978,1520,48,,,,
list,1024,979,1259,40,,,,
list,1024,980,1136,36,,,,
list,1024,981,1034,33,,,,
list,1024,982,1409,45,,,,
list,1024,983,842,27,,,,
list,1024,984,1597,50,,,,
list,1024,985,787,25,,,,
list,1024,986,756,24,,,,
list,1024,987,505,16,,,,
list,1024,988,900,29,,,,
list,1024,989,928,29,,,,
list,1024,990,1400,44,,,,
list,1024,991,958,30,,,,
list,1024,992,1483,47,,,,
list,1024,993,1311,41,,,,
list,1024,994,588,19,,,,
list,1024,995,1761,56,,,,
list,1024,996,1199,38,,,,
list,1024,997,1058,34,,,,
list,1024,998,1307,41,,,,
list,1024,999,304,10,,,,
list,1024,1000,1056,33,,,,
list,1024,1001,975,31,,,,
list,1024,1002,369,12,,,,
list,1024,1003,2262,71,,,,
list,1024,1004,1503,47,,,,
list,1024,1005,664,21,,,,
list,1024,1006,559,18,,,,
list,1024,1007,968,31,,,,
list,1024,1008,1105,35,,,,
list,1024,1009,550,18,,,,
list,1024,1010,1237,39,,,,
list,1024,1011,883,28,,,,
list,1024,1012,1471,46,,,,
list,1024,1013,929,30,,,,
list,1024,1014,610,20,,,,
list,1024,1015,1174,37,,,,
list,1024,1016,1884,59,,,,
list,1024,1017,297,10,,,,
list,1024,1018,1580,50,,,,
list,1024,1019,1579,50,,,,
list,1024,1020,657,21,,,,
list,1024,1021,1597,50,,,,
list,1024,1022,1871,59,,,,
list,1024,1023,1219,39,,,,
summary,1024,,,,36.612304688,34.000000000,106,0.443417058
list,2048,0,275,9,,,,
list,2048,1,960,30,,,,
list,2048,2,261,9,,,,
list,2048,3,694,22,,,,
list,2048,4,379,12,,,,
list,2048,5,664,21,,,,
list,2048,6,348,11,,,,
list,2048,7,229,8,,,,
list,2048,8,729,23,,,,
list,2048,9,652,21,,,,
list,2048,10,318,10,,,,
list,2048,11,672,21,,,,
list,2048,12,842,27,,,,
list,2048,13,900,29,,,,
list,2048,14,706,23,,,,
list,2048,15,730,23,,,,
list,2048,16,860,27,,,,
list,2048,17,782,25,,,,
list,2048,18,341,11,,,,
list,2048,19,350,11,,,,
list,2048,20,688,22,,,,
list,2048,21,691,22,,,,
list,2048,22,480,15,,,,
list,2048,23,324,11,,,,
list,2048,24,299,10,,,,
list,2048,25,201,7,,,,
list,2048,26,746,24,,,,
list,2048,27,854,27,,,,
list,2048,28,537,17,,,,
list,2048,29,500,16,,,,
list,2048,30,546,18,,,,
list,2048,31,545,18,,,,
list,2048,32,719,23,,,,
list,2048,33,342,11,,,,
list,2048,34,497,16,,,,
list,2048,35,719,23,,,,
list,2048,36,493,16,,,,
list,2048,37,677,22,,,,
list,2048,38,501,16,,,,
list,2048,39,366,12,,,,
list,2048,40,1127,36,,,,
list,2048,41,605,19,,,,
list,2048,42,270,9,,,,
list,2048,43,789,25,,,,
list,2048,44,823,26,,,,
list,2048,45,421,14,,,,
list,2048,46,498,16,,,,
list,2048,47,452,15,,,,
list,2048,48,478,15,,,,
list,2048,49,310,10,,,,
list,2048,50,490,16,,,,
list,2048,51,366,12,,,,
list,2048,52,518,17,,,,
list,2048,53,147,5,,,,
list,2048,54,732,23,,,,
list,2048,55,560,18,,,,
list,2048,56,778,25,,,,
list,2048,57,753,24,,,,
list,2048,58,427,14,,,,
list,2048,59,411,13,,,,
list,2048,60,563,18,,,,
list,2048,61,597,19,,,,
list,2048,62,992,31,,,,
list,2048,63,350,11,,,,
list,2048,64,400,13,,,,
list,2048,65,205,7,,,,
list,2048,66,346,11,,,,
list,2048,67,929,30,,,,
list,2048,68,544,17,,,,
list,2048,69,849,27,,,,
list,2048,70,715,23,,,,
list,2048,71,735,23,,,,
list,2048,72,780,25,,,,
list,2048,73,571,18,,,,
list,2048,74,755,24,,,,
list,2048,75,411,13,,,,
list,2048,76,415,13,,,,
list,2048,77,641,21,,,,
list,2048,78,652,21,,,,
list,2048,79,609,20,,,,
list,2048,80,290,10,,,,
list,2048,81,663,21,,,,
list,2048,82,386,13,,,,
list,2048,83,523,17,,,,
list,2048,84,621,20,,,,
list,2048,85,472,15,,,,
list,2048,86,985,31,,,,
list,2048,87,448,14,,,,
list,2048,88,367,12,,,,
list,2048,89,426,14,,,,
list,2048,90,464,15,,,,
list,2048,91,471,15,,,,
list,2048,92,702,22,,,,
list,2048,93,362,12,,,,
list,2048,94,662,21,,,,
list,2048,95,538,17,,,,
list,2048,96,335,11,,,,
list,2048,97,407,13,,,,
list,2048,98,574,18,,,,
list,2048,99,311,10,,,,
list,2048,100,837,27,,,,
list,2048,101,648,21,,,,
list,2048,102,400,13,,,,
list,2048,103,527,17,,,,
list,2048,104,576,18,,,,
list,2048,105,25,1,,,,
list,2048,106,251,8,,,,
list,2048,107,779,25,,,,
list,2048,108,344,11,,,,
list,2048,109,1023,32,,,,
list,2048,110,347,11,,,,
list,2048,111,353,12,,,,
list,2048,112,582,19,,,,
list,2048,113,370,12,,,,
list,2048,114,379,12,,,,
list,2048,115,467,15,,,,
list,2048,116,363,12,,,,
list,2048,117,852,27,,,,
list,2048,118,571,18,,,,
list,2048,119,526,17,,,,
list,2048,120,544,17,,,,
list,2048,121,314,10,,,,
list,2048,122,878,28,,,,
list,2048,123,1178,37,,,,
list,2048,124,313,10,,,,
list,2048,125,503,16,,,,
list,2048,126,424,14,,,,
list,2048,127,632,20,,,,
list,2048,128,370,12,,,,
list,2048,129,639,20,,,,
list,2048,130,325,11,,,,
list,2048,131,553,18,,,,
list,2048,132,1128,36,,,,
list,2048,133,638,20,,,,
list,2048,134,512,16,,,,
list,2048,135,623,20,,,,
list,2048,136,327,11,,,,
list,2048,137,699,22,,,,
list,2048,138,514,17,,,,
list,2048,139,574,18,,,,
list,2048,140,382,12,,,,
list,2048,141,581,19,,,,
list,2048,142,255,8,,,,
list,2048,143,682,22,,,,
list,2048,144,790,25,,,,
list,2048,145,501,16,,,,
list,2048,146,720,23,,,,
list,2048,147,1147,36,,,,
list,2048,148,434,14,,,,
list,2048,149,653,21,,,,
list,2048,150,427,14,,,,
list,2048,151,926,29,,,,
list,2048,152,545,18,,,,
list,2048,153,482,16,,,,
list,2048,154,583,19,,,,
list,2048,155,527,17,,,,
list,2048,156,611,20,,,,
list,2048,157,355,12,,,,
list,2048,158,373,12,,,,
list,2048,159,370,12,,,,
list,2048,160,489,16,,,,
list,2048,161,900,29,,,,
list,2048,162,548,18,,,,
list,2048,163,1421,45,,,,
list,2048,164,674,22,,,,
list,2048,165,413,13,,,,
list,2048,166,557,18,,,,
list,2048,167,1034,33,,,,
list,2048,168,549,18,,,,
list,2048,169,392,13,,,,
list,2048,170,589,19,,,,
list,2048,171,372,12,,,,
list,2048,172,754,24,,,,
list,2048,173,676,22,,,,
list,2048,174,556,18,,,,
list,2048,175,435,14,,,,
list,2048,176,1066,34,,,,
list,2048,177,1327,42,,,,
list,2048,178,465,15,,,,
list,2048,179,1069,34,,,,
list,2048,180,348,11,,,,
list,2048,181,436,14,,,,
list,2048,182,580,19,,,,
list,2048,183,312,10,,,,
list,2048,184,563,18,,,,
list,2048,185,333,11,,,,
list,2048,186,461,15,,,,
list,2048,187,330,11,,,,
list,2048,188,630,20,,,,
list,2048,189,551,18,,,,
list,2048,190,1021,32,,,,
list,2048,191,379,12,,,,
list,2048,192,301,10,,,,
list,2048,193,433,14,,,,
list,2048,194,496,16,,,,
list,2048,195,486,16,,,,
list,2048,196,538,17,,,,
list,2048,197,551,18,,,,
list,2048,198,612,20,,,,
list,2048,199,414,13,,,,
list,2048,200,1023,32,,,,
list,2048,201,570,18,,,,
list,2048,202,737,24,,,,
list,2048,203,539,17,,,,
list,2048,204,551,18,,,,
list,2048,205,695,22,,,,
list,2048,206,668,21,,,,
list,2048,207,324,11,,,,
list,2048,208,432,14,,,,
list,2048,209,623,20,,,,
list,2048,210,596,19,,,,
list,2048,211,874,28,,,,
list,2048,212,664,21,,,,
list,2048,213,896,28,,,,
list,2048,214,455,15,,,,
list,2048,215,535,17,,,,
list,2048,216,866,28,,,,
list,2048,217,561,18,,,,
list,2048,218,1622,51,,,,
list,2048,219,547,18,,,,
list,2048,220,313,10,,,,
list,2048,221,798,25,,,,
list,2048,222,564,18,,,,
list,2048,223,695,22,,,,
list,2048,224,683,22,,,,
list,2048,225,613,20,,,,
list,2048,226,560,18,,,,
list,2048,227,1083,34,,,,
list,2048,228,484,16,,,,
list,2048,229,845,27,,,,
list,2048,230,232,8,,,,
list,2048,231,324,11,,,,
list,2048,232,685,22,,,,
list,2048,233,515,17,,,,
list,2048,234,613,20,,,,
list,2048,235,515,17,,,,
list,2048,236,419,14,,,,
list,2048,237,397,13,,,,
list,2048,238,481,16,,,,
list,2048,239,577,19,,,,
list,2048,240,712,23,,,,
list,2048,241,833,27,,,,
list,2048,242,566,18,,,,
list,2048,243,815,26,,,,
list,2048,244,558,18,,,,
list,2048,245,741,24,,,,
list,2048,246,348,11,,,,
list,2048,247,753,24,,,,
list,2048,248,825,26,,,,
list,2048,249,718,23,,,,
list,2048,250,1005,32,,,,
list,2048,251,1909,60,,,,
list,2048,252,57,2,,,,
list,2048,253,815,26,,,,
list,2048,254,280,9,,,,
list,2048,255,652,21,,,,
list,2048,256,665,21,,,,
list,2048,257,864,27,,,,
list,2048,258,631,20,,,,
list,2048,259,764,24,,,,
list,2048,260,314,10,,,,
list,2048,261,323,11,,,,
list,2048,262,526,17,,,,
list,2048,263,658,21,,,,
list,2048,264,281,9,,,,
list,2048,265,651,21,,,,
list,2048,266,627,20,,,,
list,2048,267,699,22,,,,
list,2048,268,378,12,,,,
list,2048,269,261,9,,,,
list,2048,270,343,11,,,,
list,2048,271,836,27,,,,
list,2048,272,41,2,,,,
list,2048,273,660,21,,,,
list,2048,274,525,17,,,,
list,2048,275,543,17,,,,
list,2048,276,433,14,,,,
list,2048,277,541,17,,,,
list,2048,278,568,18,,,,
list,2048,279,514,17,,,,
list,2048,280,1406,44,,,,
list,2048,281,680,22,,,,
list,2048,282,427,14,,,,
list,2048,283,791,25,,,,
list,2048,284,533,17,,,,
list,2048,285,1271,40,,,,
list,2048,286,572,18,,,,
list,2048,287,915,29,,,,
list,2048,288,503,16,,,,
list,2048,289,555,18,,,,
list,2048,290,943,30,,,,
list,2048,291,522,17,,,,
list,2048,292,769,25,,,,
list,2048,293,818,26,,,,
list,2048,294,297,10,,,,
list,2048,295,424,14,,,,
list,2048,296,327,11,,,,
list,2048,297,737,24,,,,
list,2048,298,713,23,,,,
list,2048,299,420,14,,,,
list,2048,300,522,17,,,,
list,2048,301,264,9,,,,
list,2048,302,291,10,,,,
list,2048,303,444,14,,,,
list,2048,304,696,22,,,,
list,2048,305,447,14,,,,
list,2048,306,804,26,,,,
list,2048,307,362,12,,,,
list,2048,308,694,22,,,,
list,2048,309,735,23,,,,
list,2048,310,654,21,,,,
list,2048,311,447,14,,,,
list,2048,312,507,16,,,,
list,2048,313,1010,32,,,,
list,2048,314,319,10,,,,
list,2048,315,300,10,,,,
list,2048,316,625,20,,,,
list,2048,317,541,17,,,,
list,2048,318,1006,32,,,,
list,2048,319,476,15,,,,
list,2048,320,335,11,,,,
list,2048,321,548,18,,,,
list,2048,322,351,11,,,,
list,2048,323,424,14,,,,
list,2048,324,1169,37,,,,
list,2048,325,591,19,,,,
list,2048,326,779,25,,,,
list,2048,327,835,27,,,,
list,2048,328,886,28,,,,
list,2048,329,608,19,,,,
list,2048,330,769,25,,,,
list,2048,331,473,15,,,,
list,2048,332,531,17,,,,
list,2048,333,861,27,,,,
list,2048,334,66,3,,,,
list,2048,335,541,17,,,,
list,2048,336,676,22,,,,
list,2048,337,428,14,,,,
list,2048,338,434,14,,,,
list,2048,339,336,11,,,,
list,2048,340,389,13,,,,
list,2048,341,678,22,,,,
list,2048,342,532,17,,,,
list,2048,343,1051,33,,,,
list,2048,344,455,15,,,,
list,2048,345,516,17,,,,
list,2048,346,674,22,,,,
list,2048,347,447,14,,,,
list,2048,348,689,22,,,,
list,2048,349,387,13,,,,
list,2048,350,487,16,,,,
list,2048,351,344,11,,,,
list,2048,352,1148,36,,,,
list,2048,353,324,11,,,,
list,2048,354,752,24,,,,
list,2048,355,597,19,,,,
list,2048,356,570,18,,,,
list,2048,357,886,28,,,,
list,2048,358,195,7,,,,
list,2048,359,543,17,,,,
list,2048,360,925,29,,,,
list,2048,361,1100,35,,,,
list,2048,362,681,22,,,,
list,2048,363,334,11,,,,
list,2048,364,424,14,,,,
list,2048,365,502,16,,,,
list,2048,366,682,22,,,,
list,2048,367,848,27,,,,
list,2048,368,368,12,,,,
list,2048,369,471,15,,,,
list,2048,370,1071,34,,,,
list,2048,371,848,27,,,,
list,2048,372,244,8,,,,
list,2048,373,473,15,,,,
list,2048,374,490,16,,,,
list,2048,375,595,19,,,,
list,2048,376,588,19,,,,
list,2048,377,361,12,,,,
list,2048,378,454,15,,,,
list,2048,379,704,22,,,,
list,2048,380,754,24,,,,
list,2048,381,911,29,,,,
list,2048,382,492,16,,,,
list,2048,383,451,15,,,,
list,2048,384,935,30,,,,
list,2048,385,496,16,,,,
list,2048,386,571,18,,,,
list,2048,387,983,31,,,,
list,2048,388,704,22,,,,
list,2048,389,362,12,,,,
list,2048,390,424,14,,,,
list,2048,391,1186,38,,,,
list,2048,392,500,16,,,,
list,2048,393,364,12,,,,
list,2048,394,911,29,,,,
list,2048,395,728,23,,,,
list,2048,396,638,20,,,,
list,2048,397,362,12,,,,
list,2048,398,705,23,,,,
list,2048,399,476,15,,,,
list,2048,400,354,12,,,,
list,2048,401,970,31,,,,
list,2048,402,568,18,,,,
list,2048,403,586,19,,,,
list,2048,404,576,18,,,,
list,2048,405,726,23,,,,
list,2048,406,913,29,,,,
list,2048,407,730,23,,,,
list,2048,408,527,17,,,,
list,2048,409,633,20,,,,
list,2048,410,391,13,,,,
list,2048,411,372,12,,,,
list,2048,412,257,9,,,,
list,2048,413,706,23,,,,
list,2048,414,627,20,,,,
list,2048,415,935,30,,,,
list,2048,416,790,25,,,,
list,2048,417,582,19,,,,
list,2048,418,531,17,,,,
list,2048,419,558,18,,,,
list,2048,420,223,7,,,,
list,2048,421,576,18,,,,
list,2048,422,811,26,,,,
list,2048,423,405,13,,,,
list,2048,424,408,13,,,,
list,2048,425,686,22,,,,
list,2048,426,764,24,,,,
list,2048,427,551,18,,,,
list,2048,428,521,17,,,,
list,2048,429,716,23,,,,
list,2048,430,1024,32,,,,
list,2048,431,490,16,,,,
list,2048,432,523,17,,,,
list,2048,433,853,27,,,,
list,2048,434,588,19,,,,
list,2048,435,428,14,,,,
list,2048,436,777,25,,,,
list,2048,437,477,15,,,,
list,2048,438,540,17,,,,
list,2048,439,192,6,,,,
list,2048,440,1359,43,,,,
list,2048,441,323,11,,,,
list,2048,442,576,18,,,,
list,2048,443,627,20,,,,
list,2048,444,623,20,,,,
list,2048,445,496,16,,,,
list,2048,446,334,11,,,,
list,2048,447,842,27,,,,
list,2048,448,370,12,,,,
list,2048,449,291,10,,,,
list,2048,450,611,20,,,,
list,2048,451,437,14,,,,
list,2048,452,364,12,,,,
list,2048,453,514,17,,,,
list,2048,454,460,15,,,,
list,2048,455,1238,39,,,,
list,2048,456,469,15,,,,
list,2048,457,296,10,,,,
list,2048,458,482,16,,,,
list,2048,459,748,24,,,,
list,2048,460,773,25,,,,
list,2048,461,787,25,,,,
list,2048,462,437,14,,,,
list,2048,463,551,18,,,,
list,2048,464,756,24,,,,
list,2048,465,1124,36,,,,
list,2048,466,338,11,,,,
list,2048,467,553,18,,,,
list,2048,468,916,29,,,,
list,2048,469,1033,33,,,,
list,2048,470,1000,32,,,,
list,2048,471,955,30,,,,
list,2048,472,485,16,,,,
list,2048,473,482,16,,,,
list,2048,474,546,18,,,,
list,2048,475,604,19,,,,
list,2048,476,692,22,,,,
list,2048,477,386,13,,,,
list,2048,478,503,16,,,,
list,2048,479,549,18,,,,
list,2048,480,569,18,,,,
list,2048,481,562,18,,,,
list,2048,482,339,11,,,,
list,2048,483,319,10,,,,
list,2048,484,436,14,,,,
list,2048,485,525,17,,,,
list,2048,486,927,29,,,,
list,2048,487,440,14,,,,
list,2048,488,679,22,,,,
list,2048,489,603,19,,,,
list,2048,490,553,18,,,,
list,2048,491,427,14,,,,
list,2048,492,371,12,,,,
list,2048,493,389,13,,,,
list,2048,494,763,24,,,,
list,2048,495,1121,36,,,,
list,2048,496,409,13,,,,
list,2048,497,440,14,,,,
list,2048,498,436,14,,,,
list,2048,499,286,9,,,,
list,2048,500,867,28,,,,
list,2048,501,376,12,,,,
list,2048,502,527,17,,,,
list,2048,503,898,29,,,,
list,2048,504,711,23,,,,
list,2048,505,562,18,,,,
list,2048,506,479,15,,,,
list,2048,507,360,12,,,,
list,2048,508,460,15,,,,
list,2048,509,380,12,,,,
list,2048,510,771,25,,,,
list,2048,511,658,21,,,,
list,2048,512,600,19,,,,
list,2048,513,747,24,,,,
list,2048,514,526,17,,,,
list,2048,515,365,12,,,,
list,2048,516,326,11,,,,
list,2048,517,570,18,,,,
list,2048,518,664,21,,,,
list,2048,519,580,19,,,,
list,2048,520,620,20,,,,
list,2048,521,567,18,,,,
list,2048,522,758,24,,,,
list,2048,523,533,17,,,,
list,2048,524,518,17,,,,
list,2048,525,553,18,,,,
list,2048,526,522,17,,,,
list,2048,527,538,17,,,,
list,2048,528,415,13,,,,
list,2048,529,358,12,,,,
list,2048,530,535,17,,,,
list,2048,531,413,13,,,,
list,2048,532,705,23,,,,
list,2048,533,546,18,,,,
list,2048,534,1070,34,,,,
list,2048,535,450,15,,,,
list,2048,536,448,14,,,,
list,2048,537,704,22,,,,
list,2048,538,574,18,,,,
list,2048,539,702,22,,,,
list,2048,540,386,13,,,,
list,2048,541,786,25,,,,
list,2048,542,508,16,,,,
list,2048,543,625,20,,,,
list,2048,544,266,9,,,,
list,2048,545,643,21,,,,
list,2048,546,644,21,,,,
list,2048,547,912,29,,,,
list,2048,548,580,19,,,,
list,2048,549,495,16,,,,
list,2048,550,409,13,,,,
list,2048,551,526,17,,,,
list,2048,552,503,16,,,,
list,2048,553,419,14,,,,
list,2048,554,797,25,,,,
list,2048,555,807,26,,,,
list,2048,556,844,27,,,,
list,2048,557,358,12,,,,
list,2048,558,517,17,,,,
list,2048,559,679,22,,,,
list,2048,560,538,17,,,,
list,2048,561,827,26,,,,
list,2048,562,339,11,,,,
list,2048,563,598,19,,,,
list,2048,564,997,32,,,,
list,2048,565,732,23,,,,
list,2048,566,263,9,,,,
list,2048,567,349,11,,,,
list,2048,568,366,12,,,,
list,2048,569,325,11,,,,
list,2048,570,453,15,,,,
list,2048,571,909,29,,,,
list,2048,572,616,20,,,,
list,2048,573,549,18,,,,
list,2048,574,1362,43,,,,
list,2048,575,1074,34,,,,
list,2048,576,718,23,,,,
list,2048,577,434,14,,,,
list,2048,578,1001,32,,,,
list,2048,579,1112,35,,,,
list,2048,580,473,15,,,,
list,2048,581,872,28,,,,
list,2048,582,334,11,,,,
list,2048,583,1078,34,,,,
list,2048,584,558,18,,,,
list,2048,585,462,15,,,,
list,2048,586,280,9,,,,
list,2048,587,635,20,,,,
list,2048,588,732,23,,,,
list,2048,589,394,13,,,,
list,2048,590,514,17,,,,
list,2048,591,346,11,,,,
list,2048,592,479,15,,,,
list,2048,593,713,23,,,,
list,2048,594,754,24,,,,
list,2048,595,583,19,,,,
list,2048,596,321,11,,,,
list,2048,597,530,17,,,,
list,2048,598,618,20,,,,
list,2048,599,1141,36,,,,
list,2048,600,526,17,,,,
list,2048,601,534,17,,,,
list,2048,602,458,15,,,,
list,2048,603,385,13,,,,
list,2048,604,461,15,,,,
list,2048,605,611,20,,,,
list,2048,606,627,20,,,,
list,2048,607,505,16,,,,
list,2048,608,437,14,,,,
list,2048,609,630,20,,,,
list,2048,610,892,28,,,,
list,2048,611,280,9,,,,
list,2048,612,401,13,,,,
list,2048,613,437,14,,,,
list,2048,614,595,19,,,,
list,2048,615,671,21,,,,
list,2048,616,1088,34,,,,
list,2048,617,998,32,,,,
list,2048,618,262,9,,,,
list,2048,619,824,26,,,,
list,2048,620,954,30,,,,
list,2048,621,800,25,,,,
list,2048,622,429,14,,,,
list,2048,623,333,11,,,,
list,2048,624,443,14,,,,
list,2048,625,383,12,,,,
list,2048,626,309,10,,,,
list,2048,627,646,21,,,,
list,2048,628,715,23,,,,
list,2048,629,355,12,,,,
list,2048,630,399,13,,,,
list,2048,631,585,19,,,,
list,2048,632,778,25,,,,
list,2048,633,550,18,,,,
list,2048,634,603,19,,,,
list,2048,635,373,12,,,,
list,2048,636,747,24,,,,
list,2048,637,419,14,,,,
list,2048,638,531,17,,,,
list,2048,639,391,13,,,,
list,2048,640,468,15,,,,
list,2048,641,554,18,,,,
list,2048,642,1077,34,,,,
list,2048,643,689,22,,,,
list,2048,644,231,8,,,,
list,2048,645,402,13,,,,
list,2048,646,674,22,,,,
list,2048,647,373,12,,,,
list,2048,648,391,13,,,,
list,2048,649,989,31,,,,
list,2048,650,707,23,,,,
list,2048,651,384,12,,,,
list,2048,652,330,11,,,,
list,2048,653,557,18,,,,
list,2048,654,352,11,,,,
list,2048,655,282,9,,,,
list,2048,656,400,13,,,,
list,2048,657,594,19,,,,
list,2048,658,1052,33,,,,
list,2048,659,484,16,,,,
list,2048,660,347,11,,,,
list,2048,661,413,13,,,,
list,2048,662,901,29,,,,
list,2048,663,726,23,,,,
list,2048,664,107,4,,,,
list,2048,665,659,21,,,,
list,2048,666,271,9,,,,
list,2048,667,414,13,,,,
list,2048,668,705,23,,,,
list,2048,669,411,13,,,,
list,2048,670,624,20,,,,
list,2048,671,420,14,,,,
list,2048,672,548,18,,,,
list,2048,673,422,14,,,,
list,2048,674,855,27,,,,
list,2048,675,481,16,,,,
list,2048,676,823,26,,,,
list,2048,677,617,20,,,,
list,2048,678,304,10,,,,
list,2048,679,503,16,,,,
list,2048,680,501,16,,,,
list,2048,681,320,10,,,,
list,2048,682,857,27,,,,
list,2048,683,287,9,,,,
list,2048,684,367,12,,,,
list,2048,685,329,11,,,,
list,2048,686,546,18,,,,
list,2048,687,427,14,,,,
list,2048,688,475,15,,,,
list,2048,689,457,15,,,,
list,2048,690,518,17,,,,
list,2048,691,574,18,,,,
list,2048,692,338,11,,,,
list,2048,693,307,10,,,,
list,2048,694,752,24,,,,
list,2048,695,345,11,,,,
list,2048,696,874,28,,,,
list,2048,697,636,20,,,,
list,2048,698,395,13,,,,
list,2048,699,529,17,,,,
list,2048,700,559,18,,,,
list,2048,701,1075,34,,,,
list,2048,702,360,12,,,,
list,2048,703,488,16,,,,
list,2048,704,310,10,,,,
list,2048,705,402,13,,,,
list,2048,706,334,11,,,,
list,2048,707,833,27,,,,
list,2048,708,234,8,,,,
list,2048,709,686,22,,,,
list,2048,710,773,25,,,,
list,2048,711,598,19,,,,
list,2048,712,388,13,,,,
list,2048,713,591,19,,,,
list,2048,714,596,19,,,,
list,2048,715,454,15,,,,
list,2048,716,475,15,,,,
list,2048,717,644,21,,,,
list,2048,718,529,17,,,,
list,2048,719,838,27,,,,
list,2048,720,841,27,,,,
list,2048,721,706,23,,,,
list,2048,722,675,22,,,,
list,2048,723,781,25,,,,
list,2048,724,691,22,,,,
list,2048,725,830,26,,,,
list,2048,726,679,22,,,,
list,2048,727,493,16,,,,
list,2048,728,865,28,,,,
list,2048,729,340,11,,,,
list,2048,730,355,12,,,,
list,2048,731,947,30,,,,
list,2048,732,687,22,,,,
list,2048,733,499,16,,,,
list,2048,734,263,9,,,,
list,2048,735,538,17,,,,
list,2048,736,576,18,,,,
list,2048,737,399,13,,,,
list,2048,738,478,15,,,,
list,2048,739,1107,35,,,,
list,2048,740,516,17,,,,
list,2048,741,295,10,,,,
list,2048,742,1339,42,,,,
list,2048,743,742,24,,,,
list,2048,744,786,25,,,,
list,2048,745,374,12,,,,
list,2048,746,450,15,,,,
list,2048,747,609,20,,,,
list,2048,748,794,25,,,,
list,2048,749,1278,40,,,,
list,2048,750,485,16,,,,
list,2048,751,571,18,,,,
list,2048,752,682,22,,,,
list,2048,753,313,10,,,,
list,2048,754,580,19,,,,
list,2048,755,741,24,,,,
list,2048,756,538,17,,,,
list,2048,757,819,26,,,,
list,2048,758,603,19,,,,
list,2048,759,644,21,,,,
list,2048,760,420,14,,,,
list,2048,761,271,9,,,,
list,2048,762,468,15,,,,
list,2048,763,364,12,,,,
list,2048,764,636,20,,,,
list,2048,765,529,17,,,,
list,2048,766,357,12,,,,
list,2048,767,323,11,,,,
list,2048,768,867,28,,,,
list,2048,769,742,24,,,,
list,2048,770,452,15,,,,
list,2048,771,566,18,,,,
list,2048,772,764,24,,,,
list,2048,773,290,10,,,,
list,2048,774,537,17,,,,
list,2048,775,374,12,,,,
list,2048,776,394,13,,,,
list,2048,777,472,15,,,,
list,2048,778,582,19,,,,
list,2048,779,486,16,,,,
list,2048,780,345,11,,,,
list,2048,781,559,18,,,,
list,2048,782,485,16,,,,
list,2048,783,470,15,,,,
list,2048,784,222,7,,,,
list,2048,785,104,4,,,,
list,2048,786,398,13,,,,
list,2048,787,842,27,,,,
list,2048,788,397,13,,,,
list,2048,789,588,19,,,,
list,2048,790,767,24,,,,
list,2048,791,300,10,,,,
list,2048,792,641,21,,,,
list,2048,793,1130,36,,,,
list,2048,794,793,25,,,,
list,2048,795,600,19,,,,
list,2048,796,563,18,,,,
list,2048,797,597,19,,,,
list,2048,798,320,10,,,,
list,2048,799,549,18,,,,
list,2048,800,386,13,,,,
list,2048,801,463,15,,,,
list,2048,802,511,16,,,,
list,2048,803,398,13,,,,
list,2048,804,426,14,,,,
list,2048,805,771,25,,,,
list,2048,806,706,23,,,,
list,2048,807,526,17,,,,
list,2048,808,460,15,,,,
list,2048,809,983,31,,,,
list,2048,810,418,14,,,,
list,2048,811,520,17,,,,
list,2048,812,996,32,,,,
list,2048,813,469,15,,,,
list,2048,814,427,14,,,,
list,2048,815,1007,32,,,,
list,2048,816,854,27,,,,
list,2048,817,482,16,,,,
list,2048,818,635,20,,,,
list,2048,819,467,15,,,,
list,2048,820,1052,33,,,,
list,2048,821,835,27,,,,
list,2048,822,712,23,,,,
list,2048,823,447,14,,,,
list,2048,824,490,16,,,,
list,2048,825,480,15,,,,
list,2048,826,762,24,,,,
list,2048,827,956,30,,,,
list,2048,828,596,19,,,,
list,2048,829,658,21,,,,
list,2048,830,534,17,,,,
list,2048,831,867,28,,,,
list,2048,832,491,16,,,,
list,2048,833,340,11,,,,
list,2048,834,761,24,,,,
list,2048,835,345,11,,,,
list,2048,836,577,19,,,,
list,2048,837,471,15,,,,
list,2048,838,492,16,,,,
list,2048,839,443,14,,,,
list,2048,840,573,18,,,,
list,2048,841,380,12,,,,
list,2048,842,1029,33,,,,
list,2048,843,417,14,,,,
list,2048,844,548,18,,,,
list,2048,845,585,19,,,,
list,2048,846,789,25,,,,
list,2048,847,652,21,,,,
list,2048,848,823,26,,,,
list,2048,849,1044,33,,,,
list,2048,850,1189,38,,,,
list,2048,851,506,16,,,,
list,2048,852,849,27,,,,
list,2048,853,490,16,,,,
list,2048,854,640,20,,,,
list,2048,855,790,25,,,,
list,2048,856,723,23,,,,
list,2048,857,641,21,,,,
list,2048,858,507,16,,,,
list,2048,859,546,18,,,,
list,2048,860,767,24,,,,
list,2048,861,900,29,,,,
list,2048,862,818,26,,,,
list,2048,863,758,24,,,,
list,2048,864,968,31,,,,
list,2048,865,772,25,,,,
list,2048,866,1358,43,,,,
list,2048,867,490,16,,,,
list,2048,868,353,12,,,,
list,2048,869,775,25,,,,
list,2048,870,949,30,,,,
list,2048,871,556,18,,,,
list,2048,872,243,8,,,,
list,2048,873,854,27,,,,
list,2048,874,365,12,,,,
list,2048,875,356,12,,,,
list,2048,876,344,11,,,,
list,2048,877,533,17,,,,
list,2048,878,728,23,,,,
list,2048,879,300,10,,,,
list,2048,880,698,22,,,,
list,2048,881,417,14,,,,
list,2048,882,366,12,,,,
list,2048,883,749,24,,,,
list,2048,884,614,20,,,,
list,2048,885,599,19,,,,
list,2048,886,892,28,,,,
list,2048,887,614,20,,,,
list,2048,888,413,13,,,,
list,2048,889,414,13,,,,
list,2048,890,590,19,,,,
list,2048,891,284,9,,,,
list,2048,892,398,13,,,,
list,2048,893,543,17,,,,
list,2048,894,659,21,,,,
list,2048,895,559,18,,,,
list,2048,896,250,8,,,,
list,2048,897,543,17,,,,
list,2048,898,396,13,,,,
list,2048,899,546,18,,,,
list,2048,900,689,22,,,,
list,2048,901,667,21,,,,
list,2048,902,528,17,,,,
list,2048,903,696,22,,,,
list,2048,904,472,15,,,,
list,2048,905,642,21,,,,
list,2048,906,400,13,,,,
list,2048,907,559,18,,,,
list,2048,908,709,23,,,,
list,2048,909,550,18,,,,
list,2048,910,447,14,,,,
list,2048,911,545,18,,,,
list,2048,912,688,22,,,,
list,2048,913,522,17,,,,
list,2048,914,623,20,,,,
list,2048,915,704,22,,,,
list,2048,916,348,11,,,,
list,2048,917,300,10,,,,
list,2048,918,657,21,,,,
list,2048,919,476,15,,,,
list,2048,920,663,21,,,,
list,2048,921,474,15,,,,
list,2048,922,640,20,,,,
list,2048,923,502,16,,,,
list,2048,924,526,17,,,,
list,2048,925,1101,35,,,,
list,2048,926,861,27,,,,
list,2048,927,692,22,,,,
list,2048,928,418,14,,,,
list,2048,929,599,19,,,,
list,2048,930,279,9,,,,
list,2048,931,688,22,,,,
list,2048,932,620,20,,,,
list,2048,933,439,14,,,,
list,2048,934,536,17,,,,
list,2048,935,1066,34,,,,
list,2048,936,961,31,,,,
list,2048,937,662,21,,,,
list,2048,938,504,16,,,,
list,2048,939,290,10,,,,
list,2048,940,1052,33,,,,
list,2048,941,775,25,,,,
list,2048,942,554,18,,,,
list,2048,943,624,20,,,,
list,2048,944,595,19,,,,
list,2048,945,1532,48,,,,
list,2048,946,745,24,,,,
list,2048,947,440,14,,,,
list,2048,948,766,24,,,,
list,2048,949,541,17,,,,
list,2048,950,271,9,,,,
list,2048,951,277,9,,,,
list,2048,952,564,18,,,,
list,2048,953,690,22,,,,
list,2048,954,503,16,,,,
list,2048,955,691,22,,,,
list,2048,956,571,18,,,,
list,2048,957,858,27,,,,
list,2048,958,242,8,,,,
list,2048,959,297,10,,,,
list,2048,960,724,23,,,,
list,2048,961,659,21,,,,
list,2048,962,699,22,,,,
list,2048,963,644,21,,,,
list,2048,964,837,27,,,,
list,2048,965,385,13,,,,
list,2048,966,632,20,,,,
list,2048,967,573,18,,,,
list,2048,968,603,19,,,,
list,2048,969,761,24,,,,
list,2048,970,506,16,,,,
list,2048,971,313,10,,,,
list,2048,972,744,24,,,,
list,2048,973,633,20,,,,
list,2048,974,372,12,,,,
list,2048,975,506,16,,,,
list,2048,976,451,15,,,,
list,2048,977,947,30,,,,
list,2048,978,758,24,,,,
list,2048,979,437,14,,,,
list,2048,980,586,19,,,,
list,2048,981,731,23,,,,
list,2048,982,282,9,,,,
list,2048,983,628,20,,,,
list,2048,984,972,31,,,,
list,2048,985,449,15,,,,
list,2048,986,691,22,,,,
list,2048,987,772,25,,,,
list,2048,988,347,11,,,,
list,2048,989,402,13,,,,
list,2048,990,789,25,,,,
list,2048,991,286,9,,,,
list,2048,992,679,22,,,,
list,2048,993,688,22,,,,
list,2048,994,881,28,,,,
list,2048,995,534,17,,,,
list,2048,996,330,11,,,,
list,2048,997,580,19,,,,
list,2048,998,343,11,,,,
list,2048,999,862,27,,,,
list,2048,1000,439,14,,,,
list,2048,1001,313,10,,,,
list,2048,1002,480,15,,,,
list,2048,1003,808,26,,,,
list,2048,1004,250,8,,,,
list,2048,1005,883,28,,,,
list,2048,1006,528,17,,,,
list,2048,1007,835,27,,,,
list,2048,1008,764,24,,,,
list,2048,1009,898,29,,,,
list,2048,1010,890,28,,,,
list,2048,1011,487,16,,,,
list,2048,1012,288,9,,,,
list,2048,1013,846,27,,,,
list,2048,1014,612,20,,,,
list,2048,1015,761,24,,,,
list,2048,1016,605,19,,,,
list,2048,1017,500,16,,,,
list,2048,1018,479,15,,,,
list,2048,1019,446,14,,,,
list,2048,1020,842,27,,,,
list,2048,1021,471,15,,,,
list,2048,1022,791,25,,,,
list,2048,1023,1041,33,,,,
list,2048,1024,795,25,,,,
list,2048,1025,837,27,,,,
list,2048,1026,761,24,,,,
list,2048,1027,285,9,,,,
list,2048,1028,457,15,,,,
list,2048,1029,625,20,,,,
list,2048,1030,494,16,,,,
list,2048,1031,449,15,,,,
list,2048,1032,482,16,,,,
list,2048,1033,413,13,,,,
list,2048,1034,648,21,,,,
list,2048,1035,640,20,,,,
list,2048,1036,561,18,,,,
list,2048,1037,314,10,,,,
list,2048,1038,507,16,,,,
list,2048,1039,574,18,,,,
list,2048,1040,748,24,,,,
list,2048,1041,828,26,,,,
list,2048,1042,422,14,,,,
list,2048,1043,514,17,,,,
list,2048,1044,657,21,,,,
list,2048,1045,710,23,,,,
list,2048,1046,885,28,,,,
list,2048,1047,655,21,,,,
list,2048,1048,416,13,,,,
list,2048,1049,487,16,,,,
list,2048,1050,488,16,,,,
list,2048,1051,366,12,,,,
list,2048,1052,516,17,,,,
list,2048,1053,346,11,,,,
list,2048,1054,393,13,,,,
list,2048,1055,592,19,,,,
list,2048,1056,700,22,,,,
list,2048,1057,380,12,,,,
list,2048,1058,569,18,,,,
list,2048,1059,761,24,,,,
list,2048,1060,364,12,,,,
list,2048,1061,391,13,,,,
list,2048,1062,397,13,,,,
list,2048,1063,453,15,,,,
list,2048,1064,741,24,,,,
list,2048,1065,455,15,,,,
list,2048,1066,747,24,,,,
list,2048,1067,1064,34,,,,
list,2048,1068,433,14,,,,
list,2048,1069,461,15,,,,
list,2048,1070,408,13,,,,
list,2048,1071,601,19,,,,
list,2048,1072,600,19,,,,
list,2048,1073,556,18,,,,
list,2048,1074,370,12,,,,
list,2048,1075,344,11,,,,
list,2048,1076,503,16,,,,
list,2048,1077,977,31,,,,
list,2048,1078,918,29,,,,
list,2048,1079,607,19,,,,
list,2048,1080,523,17,,,,
list,2048,1081,436,14,,,,
list,2048,1082,518,17,,,,
list,2048,1083,560,18,,,,
list,2048,1084,493,16,,,,
list,2048,1085,355,12,,,,
list,2048,1086,1009,32,,,,
list,2048,1087,665,21,,,,
list,2048,1088,429,14,,,,
list,2048,1089,480,15,,,,
list,2048,1090,533,17,,,,
list,2048,1091,353,12,,,,
list,2048,1092,691,22,,,,
list,2048,1093,767,24,,,,
list,2048,1094,693,22,,,,
list,2048,1095,490,16,,,,
list,2048,1096,526,17,,,,
list,2048,1097,334,11,,,,
list,2048,1098,707,23,,,,
list,2048,1099,657,21,,,,
list,2048,1100,485,16,,,,
list,2048,1101,327,11,,,,
list,2048,1102,674,22,,,,
list,2048,1103,786,25,,,,
list,2048,1104,705,23,,,,
list,2048,1105,558,18,,,,
list,2048,1106,569,18,,,,
list,2048,1107,693,22,,,,
list,2048,1108,204,7,,,,
list,2048,1109,659,21,,,,
list,2048,1110,646,21,,,,
list,2048,1111,353,12,,,,
list,2048,1112,581,19,,,,
list,2048,1113,626,20,,,,
list,2048,1114,661,21,,,,
list,2048,1115,488,16,,,,
list,2048,1116,958,30,,,,
list,2048,1117,770,25,,,,
list,2048,1118,1038,33,,,,
list,2048,1119,579,19,,,,
list,2048,1120,442,14,,,,
list,2048,1121,594,19,,,,
list,2048,1122,501,16,,,,
list,2048,1123,449,15,,,,
list,2048,1124,1174,37,,,,
list,2048,1125,387,13,,,,
list,2048,1126,467,15,,,,
list,2048,1127,729,23,,,,
list,2048,1128,384,12,,,,
list,2048,1129,591,19,,,,
list,2048,1130,460,15,,,,
list,2048,1131,596,19,,,,
list,2048,1132,505,16,,,,
list,2048,1133,970,31,,,,
list,2048,1134,583,19,,,,
list,2048,1135,664,21,,,,
list,2048,1136,252,8,,,,
list,2048,1137,480,15,,,,
list,2048,1138,773,25,,,,
list,2048,1139,793,25,,,,
list,2048,1140,819,26,,,,
list,2048,1141,819,26,,,,
list,2048,1142,811,26,,,,
list,2048,1143,694,22,,,,
list,2048,1144,506,16,,,,
list,2048,1145,587,19,,,,
list,2048,1146,711,23,,,,
list,2048,1147,409,13,,,,
list,2048,1148,997,32,,,,
list,2048,1149,480,15,,,,
list,2048,1150,475,15,,,,
list,2048,1151,610,20,,,,
list,2048,1152,657,21,,,,
list,2048,1153,366,12,,,,
list,2048,1154,317,10,,,,
list,2048,1155,899,29,,,,
list,2048,1156,341,11,,,,
list,2048,1157,535,17,,,,
list,2048,1158,454,15,,,,
list,2048,1159,545,18,,,,
list,2048,1160,699,22,,,,
list,2048,1161,973,31,,,,
list,2048,1162,465,15,,,,
list,2048,1163,389,13,,,,
list,2048,1164,451,15,,,,
list,2048,1165,439,14,,,,
list,2048,1166,387,13,,,,
list,2048,1167,358,12,,,,
list,2048,1168,1090,35,,,,
list,2048,1169,664,21,,,,
list,2048,1170,460,15,,,,
list,2048,1171,618,20,,,,
list,2048,1172,413,13,,,,
list,2048,1173,506,16,,,,
list,2048,1174,429,14,,,,
list,2048,1175,584,19,,,,
list,2048,1176,340,11,,,,
list,2048,1177,498,16,,,,
list,2048,1178,659,21,,,,
list,2048,1179,535,17,,,,
list,2048,1180,490,16,,,,
list,2048,1181,1138,36,,,,
list,2048,1182,577,19,,,,
list,2048,1183,640,20,,,,
list,2048,1184,364,12,,,,
list,2048,1185,658,21,,,,
list,2048,1186,801,26,,,,
list,2048,1187,472,15,,,,
list,2048,1188,694,22,,,,
list,2048,1189,456,15,,,,
list,2048,1190,265,9,,,,
list,2048,1191,512,16,,,,
list,2048,1192,351,11,,,,
list,2048,1193,609,20,,,,
list,2048,1194,712,23,,,,
list,2048,1195,938,30,,,,
list,2048,1196,1000,32,,,,
list,2048,1197,541,17,,,,
list,2048,1198,1175,37,,,,
list,2048,1199,501,16,,,,
list,2048,1200,608,19,,,,
list,2048,1201,400,13,,,,
list,2048,1202,771,25,,,,
list,2048,1203,491,16,,,,
list,2048,1204,463,15,,,,
list,2048,1205,282,9,,,,
list,2048,1206,352,11,,,,
list,2048,1207,535,17,,,,
list,2048,1208,888,28,,,,
list,2048,1209,603,19,,,,
list,2048,1210,670,21,,,,
list,2048,1211,360,12,,,,
list,2048,1212,442,14,,,,
list,2048,1213,579,19,,,,
list,2048,1214,508,16,,,,
list,2048,1215,750,24,,,,
list,2048,1216,452,15,,,,
list,2048,1217,311,10,,,,
list,2048,1218,312,10,,,,
list,2048,1219,275,9,,,,
list,2048,1220,584,19,,,,
list,2048,1221,590,19,,,,
list,2048,1222,284,9,,,,
list,2048,1223,1062,34,,,,
list,2048,1224,835,27,,,,
list,2048,1225,555,18,,,,
list,2048,1226,593,19,,,,
list,2048,1227,304,10,,,,
list,2048,1228,352,11,,,,
list,2048,1229,609,20,,,,
list,2048,1230,226,8,,,,
list,2048,1231,355,12,,,,
list,2048,1232,812,26,,,,
list,2048,1233,416,13,,,,
list,2048,1234,592,19,,,,
list,2048,1235,135,5,,,,
list,2048,1236,761,24,,,,
list,2048,1237,615,20,,,,
list,2048,1238,430,14,,,,
list,2048,1239,261,9,,,,
list,2048,1240,645,21,,,,
list,2048,1241,565,18,,,,
list,2048,1242,113,4,,,,
list,2048,1243,702,22,,,,
list,2048,1244,1039,33,,,,
list,2048,1245,443,14,,,,
list,2048,1246,608,19,,,,
list,2048,1247,587,19,,,,
list,2048,1248,649,21,,,,
list,2048,1249,610,20,,,,
list,2048,1250,695,22,,,,
list,2048,1251,458,15,,,,
list,2048,1252,557,18,,,,
list,2048,1253,402,13,,,,
list,2048,1254,837,27,,,,
list,2048,1255,921,29,,,,
list,2048,1256,668,21,,,,
list,2048,1257,344,11,,,,
list,2048,1258,625,20,,,,
list,2048,1259,759,24,,,,
list,2048,1260,995,32,,,,
list,2048,1261,485,16,,,,
list,2048,1262,412,13,,,,
list,2048,1263,407,13,,,,
list,2048,1264,390,13,,,,
list,2048,1265,521,17,,,,
list,2048,1266,402,13,,,,
list,2048,1267,333,11,,,,
list,2048,1268,658,21,,,,
list,2048,1269,685,22,,,,
list,2048,1270,360,12,,,,
list,2048,1271,399,13,,,,
list,2048,1272,573,18,,,,
list,2048,1273,779,25,,,,
list,2048,1274,398,13,,,,
list,2048,1275,440,14,,,,
list,2048,1276,299,10,,,,
list,2048,1277,322,11,,,,
list,2048,1278,378,12,,,,
list,2048,1279,846,27,,,,
list,2048,1280,611,20,,,,
list,2048,1281,384,12,,,,
list,2048,1282,647,21,,,,
list,2048,1283,230,8,,,,
list,2048,1284,734,23,,,,
list,2048,1285,497,16,,,,
list,2048,1286,598,19,,,,
list,2048,1287,565,18,,,,
list,2048,1288,677,22,,,,
list,2048,1289,664,21,,,,
list,2048,1290,750,24,,,,
list,2048,1291,272,9,,,,
list,2048,1292,519,17,,,,
list,2048,1293,475,15,,,,
list,2048,1294,600,19,,,,
list,2048,1295,439,14,,,,
list,2048,1296,692,22,,,,
list,2048,1297,798,25,,,,
list,2048,1298,444,14,,,,
list,2048,1299,398,13,,,,
list,2048,1300,734,23,,,,
list,2048,1301,478,15,,,,
list,2048,1302,397,13,,,,
list,2048,1303,561,18,,,,
list,2048,1304,524,17,,,,
list,2048,1305,528,17,,,,
list,2048,1306,400,13,,,,
list,2048,1307,997,32,,,,
list,2048,1308,432,14,,,,
list,2048,1309,513,17,,,,
list,2048,1310,696,22,,,,
list,2048,1311,690,22,,,,
list,2048,1312,412,13,,,,
list,2048,1313,524,17,,,,
list,2048,1314,376,12,,,,
list,2048,1315,814,26,,,,
list,2048,1316,701,22,,,,
list,2048,1317,558,18,,,,
list,2048,1318,627,20,,,,
list,2048,1319,560,18,,,,
list,2048,1320,745,24,,,,
list,2048,1321,965,31,,,,
list,2048,1322,668,21,,,,
list,2048,1323,315,10,,,,
list,2048,1324,570,18,,,,
list,2048,1325,343,11,,,,
list,2048,1326,696,22,,,,
list,2048,1327,838,27,,,,
list,2048,1328,535,17,,,,
list,2048,1329,502,16,,,,
list,2048,1330,939,30,,,,
list,2048,1331,587,19,,,,
list,2048,1332,416,13,,,,
list,2048,1333,758,24,,,,
list,2048,1334,659,21,,,,
list,2048,1335,473,15,,,,
list,2048,1336,997,32,,,,
list,2048,1337,1061,34,,,,
list,2048,1338,470,15,,,,
list,2048,1339,514,17,,,,
list,2048,1340,645,21,,,,
list,2048,1341,515,17,,,,
list,2048,1342,405,13,,,,
list,2048,1343,622,20,,,,
list,2048,1344,607,19,,,,
list,2048,1345,680,22,,,,
list,2048,1346,971,31,,,,
list,2048,1347,450,15,,,,
list,2048,1348,591,19,,,,
list,2048,1349,492,16,,,,
list,2048,1350,372,12,,,,
list,2048,1351,560,18,,,,
list,2048,1352,382,12,,,,
list,2048,1353,637,20,,,,
list,2048,1354,1217,39,,,,
list,2048,1355,375,12,,,,
list,2048,1356,488,16,,,,
list,2048,1357,487,16,,,,
list,2048,1358,1041,33,,,,
list,2048,1359,670,21,,,,
list,2048,1360,437,14,,,,
list,2048,1361,776,25,,,,
list,2048,1362,17,1,,,,
list,2048,1363,658,21,,,,
list,2048,1364,341,11,,,,
list,2048,1365,666,21,,,,
list,2048,1366,326,11,,,,
list,2048,1367,502,16,,,,
list,2048,1368,596,19,,,,
list,2048,1369,657,21,,,,
list,2048,1370,381,12,,,,
list,2048,1371,665,21,,,,
list,2048,1372,456,15,,,,
list,2048,1373,559,18,,,,
list,2048,1374,410,13,,,,
list,2048,1375,386,13,,,,
list,2048,1376,379,12,,,,
list,2048,1377,328,11,,,,
list,2048,1378,657,21,,,,
list,2048,1379,653,21,,,,
list,2048,1380,489,16,,,,
list,2048,1381,330,11,,,,
list,2048,1382,990,31,,,,
list,2048,1383,481,16,,,,
list,2048,1384,306,10,,,,
list,2048,1385,328,11,,,,
list,2048,1386,590,19,,,,
list,2048,1387,559,18,,,,
list,2048,1388,506,16,,,,
list,2048,1389,26,1,,,,
list,2048,1390,535,17,,,,
list,2048,1391,807,26,,,,
list,2048,1392,414,13,,,,
list,2048,1393,693,22,,,,
list,2048,1394,796,25,,,,
list,2048,1395,401,13,,,,
list,2048,1396,646,21,,,,
list,2048,1397,485,16,,,,
list,2048,1398,609,20,,,,
list,2048,1399,584,19,,,,
list,2048,1400,841,27,,,,
list,2048,1401,810,26,,,,
list,2048,1402,319,10,,,,
list,2048,1403,546,18,,,,
list,2048,1404,519,17,,,,
list,2048,1405,245,8,,,,
list,2048,1406,346,11,,,,
list,2048,1407,561,18,,,,
list,2048,1408,639,20,,,,
list,2048,1409,354,12,,,,
list,2048,1410,610,20,,,,
list,2048,1411,522,17,,,,
list,2048,1412,840,27,,,,
list,2048,1413,633,20,,,,
list,2048,1414,585,19,,,,
list,2048,1415,742,24,,,,
list,2048,1416,859,27,,,,
list,2048,1417,426,14,,,,
list,2048,1418,661,21,,,,
list,2048,1419,380,12,,,,
list,2048,1420,537,17,,,,
list,2048,1421,592,19,,,,
list,2048,1422,860,27,,,,
list,2048,1423,573,18,,,,
list,2048,1424,922,29,,,,
list,2048,1425,497,16,,,,
list,2048,1426,451,15,,,,
list,2048,1427,586,19,,,,
list,2048,1428,255,8,,,,
list,2048,1429,345,11,,,,
list,2048,1430,516,17,,,,
list,2048,1431,514,17,,,,
list,2048,1432,703,22,,,,
list,2048,1433,872,28,,,,
list,2048,1434,1096,35,,,,
list,2048,1435,269,9,,,,
list,2048,1436,512,16,,,,
list,2048,1437,490,16,,,,
list,2048,1438,872,28,,,,
list,2048,1439,351,11,,,,
list,2048,1440,1220,39,,,,
list,2048,1441,637,20,,,,
list,2048,1442,616,20,,,,
list,2048,1443,524,17,,,,
list,2048,1444,906,29,,,,
list,2048,1445,648,21,,,,
list,2048,1446,884,28,,,,
list,2048,1447,304,10,,,,
list,2048,1448,486,16,,,,
list,2048,1449,614,20,,,,
list,2048,1450,332,11,,,,
list,2048,1451,501,16,,,,
list,2048,1452,374,12,,,,
list,2048,1453,388,13,,,,
list,2048,1454,793,25,,,,
list,2048,1455,573,18,,,,
list,2048,1456,569,18,,,,
list,2048,1457,322,11,,,,
list,2048,1458,504,16,,,,
list,2048,1459,441,14,,,,
list,2048,1460,669,21,,,,
list,2048,1461,493,16,,,,
list,2048,1462,239,8,,,,
list,2048,1463,587,19,,,,
list,2048,1464,379,12,,,,
list,2048,1465,528,17,,,,
list,2048,1466,694,22,,,,
list,2048,1467,430,14,,,,
list,2048,1468,439,14,,,,
list,2048,1469,967,31,,,,
list,2048,1470,553,18,,,,
list,2048,1471,584,19,,,,
list,2048,1472,1132,36,,,,
list,2048,1473,918,29,,,,
list,2048,1474,1145,36,,,,
list,2048,1475,259,9,,,,
list,2048,1476,336,11,,,,
list,2048,1477,580,19,,,,
list,2048,1478,408,13,,,,
list,2048,1479,692,22,,,,
list,2048,1480,369,12,,,,
list,2048,1481,1076,34,,,,
list,2048,1482,1238,39,,,,
list,2048,1483,687,22,,,,
list,2048,1484,1180,37,,,,
list,2048,1485,732,23,,,,
list,2048,1486,1090,35,,,,
list,2048,1487,317,10,,,,
list,2048,1488,359,12,,,,
list,2048,1489,743,24,,,,
list,2048,1490,264,9,,,,
list,2048,1491,488,16,,,,
list,2048,1492,447,14,,,,
list,2048,1493,654,21,,,,
list,2048,1494,710,23,,,,
list,2048,1495,862,27,,,,
list,2048,1496,820,26,,,,
list,2048,1497,430,14,,,,
list,2048,1498,491,16,,,,
list,2048,1499,384,12,,,,
list,2048,1500,937,30,,,,
list,2048,1501,499,16,,,,
list,2048,1502,357,12,,,,
list,2048,1503,1308,41,,,,
list,2048,1504,678,22,,,,
list,2048,1505,725,23,,,,
list,2048,1506,573,18,,,,
list,2048,1507,994,32,,,,
list,2048,1508,574,18,,,,
list,2048,1509,637,20,,,,
list,2048,1510,1190,38,,,,
list,2048,1511,869,28,,,,
list,2048,1512,411,13,,,,
list,2048,1513,423,14,,,,
list,2048,1514,691,22,,,,
list,2048,1515,373,12,,,,
list,2048,1516,219,7,,,,
list,2048,1517,574,18,,,,
list,2048,1518,375,12,,,,
list,2048,1519,668,21,,,,
list,2048,1520,376,12,,,,
list,2048,1521,735,23,,,,
list,2048,1522,652,21,,,,
list,2048,1523,189,6,,,,
list,2048,1524,752,24,,,,
list,2048,1525,326,11,,,,
list,2048,1526,775,25,,,,
list,2048,1527,335,11,,,,
list,2048,1528,394,13,,,,
list,2048,1529,433,14,,,,
list,2048,1530,492,16,,,,
list,2048,1531,352,11,,,,
list,2048,1532,444,14,,,,
list,2048,1533,742,24,,,,
list,2048,1534,503,16,,,,
list,2048,1535,556,18,,,,
list,2048,1536,1016,32,,,,
list,2048,1537,313,10,,,,
list,2048,1538,546,18,,,,
list,2048,1539,673,22,,,,
list,2048,1540,838,27,,,,
list,2048,1541,599,19,,,,
list,2048,1542,719,23,,,,
list,2048,1543,672,21,,,,
list,2048,1544,720,23,,,,
list,2048,1545,600,19,,,,
list,2048,1546,499,16,,,,
list,2048,1547,618,20,,,,
list,2048,1548,481,16,,,,
list,2048,1549,620,20,,,,
list,2048,1550,514,17,,,,
list,2048,1551,900,29,,,,
list,2048,1552,330,11,,,,
list,2048,1553,713,23,,,,
list,2048,1554,741,24,,,,
list,2048,1555,817,26,,,,
list,2048,1556,890,28,,,,
list,2048,1557,277,9,,,,
list,2048,1558,441,14,,,,
list,2048,1559,807,26,,,,
list,2048,1560,407,13,,,,
list,2048,1561,786,25,,,,
list,2048,1562,798,25,,,,
list,2048,1563,794,25,,,,
list,2048,1564,1175,37,,,,
list,2048,1565,851,27,,,,
list,2048,1566,473,15,,,,
list,2048,1567,425,14,,,,
list,2048,1568,323,11,,,,
list,2048,1569,607,19,,,,
list,2048,1570,837,27,,,,
list,2048,1571,408,13,,,,
list,2048,1572,656,21,,,,
list,2048,1573,385,13,,,,
list,2048,1574,549,18,,,,
list,2048,1575,801,26,,,,
list,2048,1576,419,14,,,,
list,2048,1577,90,3,,,,
list,2048,1578,646,21,,,,
list,2048,1579,500,16,,,,
list,2048,1580,531,17,,,,
list,2048,1581,644,21,,,,
list,2048,1582,495,16,,,,
list,2048,1583,371,12,,,,
list,2048,1584,774,25,,,,
list,2048,1585,598,19,,,,
list,2048,1586,483,16,,,,
list,2048,1587,572,18,,,,
list,2048,1588,670,21,,,,
list,2048,1589,362,12,,,,
list,2048,1590,501,16,,,,
list,2048,1591,564,18,,,,
list,2048,1592,626,20,,,,
list,2048,1593,407,13,,,,
list,2048,1594,599,19,,,,
list,2048,1595,363,12,,,,
list,2048,1596,521,17,,,,
list,2048,1597,441,14,,,,
list,2048,1598,500,16,,,,
list,2048,1599,367,12,,,,
list,2048,1600,431,14,,,,
list,2048,1601,585,19,,,,
list,2048,1602,680,22,,,,
list,2048,1603,436,14,,,,
list,2048,1604,452,15,,,,
list,2048,1605,123,4,,,,
list,2048,1606,416,13,,,,
list,2048,1607,361,12,,,,
list,2048,1608,652,21,,,,
list,2048,1609,579,19,,,,
list,2048,1610,462,15,,,,
list,2048,1611,372,12,,,,
list,2048,1612,847,27,,,,
list,2048,1613,768,24,,,,
list,2048,1614,738,24,,,,
list,2048,1615,844,27,,,,
list,2048,1616,572,18,,,,
list,2048,1617,398,13,,,,
list,2048,1618,847,27,,,,
list,2048,1619,844,27,,,,
list,2048,1620,485,16,,,,
list,2048,1621,996,32,,,,
list,2048,1622,371,12,,,,
list,2048,1623,511,16,,,,
list,2048,1624,344,11,,,,
list,2048,1625,827,26,,,,
list,2048,1626,180,6,,,,
list,2048,1627,566,18,,,,
list,2048,1628,543,17,,,,
list,2048,1629,228,8,,,,
list,2048,1630,533,17,,,,
list,2048,1631,518,17,,,,
list,2048,1632,731,23,,,,
list,2048,1633,428,14,,,,
list,2048,1634,725,23,,,,
list,2048,1635,712,23,,,,
list,2048,1636,698,22,,,,
list,2048,1637,362,12,,,,
list,2048,1638,558,18,,,,
list,2048,1639,520,17,,,,
list,2048,1640,326,11,,,,
list,2048,1641,430,14,,,,
list,2048,1642,621,20,,,,
list,2048,1643,522,17,,,,
list,2048,1644,311,10,,,,
list,2048,1645,430,14,,,,
list,2048,1646,664,21,,,,
list,2048,1647,379,12,,,,
list,2048,1648,339,11,,,,
list,2048,1649,708,23,,,,
list,2048,1650,149,5,,,,
list,2048,1651,383,12,,,,
list,2048,1652,523,17,,,,
list,2048,1653,706,23,,,,
list,2048,1654,394,13,,,,
list,2048,1655,563,18,,,,
list,2048,1656,665,21,,,,
list,2048,1657,452,15,,,,
list,2048,1658,981,31,,,,
list,2048,1659,521,17,,,,
list,2048,1660,690,22,,,,
list,2048,1661,179,6,,,,
list,2048,1662,789,25,,,,
list,2048,1663,550,18,,,,
list,2048,1664,692,22,,,,
list,2048,1665,572,18,,,,
list,2048,1666,572,18,,,,
list,2048,1667,178,6,,,,
list,2048,1668,391,13,,,,
list,2048,1669,729,23,,,,
list,2048,1670,319,10,,,,
list,2048,1671,679,22,,,,
list,2048,1672,450,15,,,,
list,2048,1673,634,20,,,,
list,2048,1674,228,8,,,,
list,2048,1675,681,22,,,,
list,2048,1676,1084,34,,,,
list,2048,1677,362,12,,,,
list,2048,1678,533,17,,,,
list,2048,1679,410,13,,,,
list,2048,1680,647,21,,,,
list,2048,1681,420,14,,,,
list,2048,1682,612,20,,,,
list,2048,1683,228,8,,,,
list,2048,1684,464,15,,,,
list,2048,1685,898,29,,,,
list,2048,1686,808,26,,,,
list,2048,1687,531,17,,,,
list,2048,1688,1119,35,,,,
list,2048,1689,880,28,,,,
list,2048,1690,542,17,,,,
list,2048,1691,399,13,,,,
list,2048,1692,506,16,,,,
list,2048,1693,440,14,,,,
list,2048,1694,818,26,,,,
list,2048,1695,484,16,,,,
list,2048,1696,656,21,,,,
list,2048,1697,487,16,,,,
list,2048,1698,551,18,,,,
list,2048,1699,647,21,,,,
list,2048,1700,766,24,,,,
list,2048,1701,657,21,,,,
list,2048,1702,463,15,,,,
list,2048,1703,331,11,,,,
list,2048,1704,248,8,,,,
list,2048,1705,736,23,,,,
list,2048,1706,494,16,,,,
list,2048,1707,277,9,,,,
list,2048,1708,758,24,,,,
list,2048,1709,396,13,,,,
list,2048,1710,493,16,,,,
list,2048,1711,415,13,,,,
list,2048,1712,304,10,,,,
list,2048,1713,269,9,,,,
list,2048,1714,648,21,,,,
list,2048,1715,416,13,,,,
list,2048,1716,666,21,,,,
list,2048,1717,289,10,,,,
list,2048,1718,656,21,,,,
list,2048,1719,687,22,,,,
list,2048,1720,427,14,,,,
list,2048,1721,869,28,,,,
list,2048,1722,394,13,,,,
list,2048,1723,337,11,,,,
list,2048,1724,660,21,,,,
list,2048,1725,707,23,,,,
list,2048,1726,504,16,,,,
list,2048,1727,555,18,,,,
list,2048,1728,639,20,,,,
list,2048,1729,535,17,,,,
list,2048,1730,715,23,,,,
list,2048,1731,547,18,,,,
list,2048,1732,285,9,,,,
list,2048,1733,799,25,,,,
list,2048,1734,238,8,,,,
list,2048,1735,347,11,,,,
list,2048,1736,455,15,,,,
list,2048,1737,397,13,,,,
list,2048,1738,1054,33,,,,
list,2048,1739,305,10,,,,
list,2048,1740,595,19,,,,
list,2048,1741,865,28,,,,
list,2048,1742,403,13,,,,
list,2048,1743,546,18,,,,
list,2048,1744,769,25,,,,
list,2048,1745,439,14,,,,
list,2048,1746,346,11,,,,
list,2048,1747,208,7,,,,
list,2048,1748,309,10,,,,
list,2048,1749,493,16,,,,
list,2048,1750,619,20,,,,
list,2048,1751,333,11,,,,
list,2048,1752,519,17,,,,
list,2048,1753,502,16,,,,
list,2048,1754,634,20,,,,
list,2048,1755,627,20,,,,
list,2048,1756,948,30,,,,
list,2048,1757,1036,33,,,,
list,2048,1758,478,15,,,,
list,2048,1759,866,28,,,,
list,2048,1760,235,8,,,,
list,2048,1761,636,20,,,,
list,2048,1762,619,20,,,,
list,2048,1763,372,12,,,,
list,2048,1764,687,22,,,,
list,2048,1765,579,19,,,,
list,2048,1766,360,12,,,,
list,2048,1767,512,16,,,,
list,2048,1768,237,8,,,,
list,2048,1769,550,18,,,,
list,2048,1770,443,14,,,,
list,2048,1771,385,13,,,,
list,2048,1772,306,10,,,,
list,2048,1773,228,8,,,,
list,2048,1774,695,22,,,,
list,2048,1775,317,10,,,,
list,2048,1776,610,20,,,,
list,2048,1777,542,17,,,,
list,2048,1778,493,16,,,,
list,2048,1779,607,19,,,,
list,2048,1780,195,7,,,,
list,2048,1781,993,32,,,,
list,2048,1782,272,9,,,,
list,2048,1783,512,16,,,,
list,2048,1784,502,16,,,,
list,2048,1785,673,22,,,,
list,2048,1786,519,17,,,,
list,2048,1787,310,10,,,,
list,2048,1788,732,23,,,,
list,2048,1789,466,15,,,,
list,2048,1790,534,17,,,,
list,2048,1791,428,14,,,,
list,2048,1792,1005,32,,,,
list,2048,1793,469,15,,,,
list,2048,1794,445,14,,,,
list,2048,1795,793,25,,,,
list,2048,1796,947,30,,,,
list,2048,1797,412,13,,,,
list,2048,1798,690,22,,,,
list,2048,1799,1165,37,,,,
list,2048,1800,602,19,,,,
list,2048,1801,229,8,,,,
list,2048,1802,567,18,,,,
list,2048,1803,165,6,,,,
list,2048,1804,534,17,,,,
list,2048,1805,226,8,,,,
list,2048,1806,349,11,,,,
list,2048,1807,255,8,,,,
list,2048,1808,433,14,,,,
list,2048,1809,95,3,,,,
list,2048,1810,580,19,,,,
list,2048,1811,488,16,,,,
list,2048,1812,350,11,,,,
list,2048,1813,251,8,,,,
list,2048,1814,464,15,,,,
list,2048,1815,595,19,,,,
list,2048,1816,383,12,,,,
list,2048,1817,1058,34,,,,
list,2048,1818,658,21,,,,
list,2048,1819,396,13,,,,
list,2048,1820,868,28,,,,
list,2048,1821,733,23,,,,
list,2048,1822,628,20,,,,
list,2048,1823,904,29,,,,
list,2048,1824,253,8,,,,
list,2048,1825,1441,46,,,,
list,2048,1826,677,22,,,,
list,2048,1827,337,11,,,,
list,2048,1828,555,18,,,,
list,2048,1829,279,9,,,,
list,2048,1830,614,20,,,,
list,2048,1831,638,20,,,,
list,2048,1832,372,12,,,,
list,2048,1833,274,9,,,,
list,2048,1834,474,15,,,,
list,2048,1835,323,11,,,,
list,2048,1836,315,10,,,,
list,2048,1837,627,20,,,,
list,2048,1838,1161,37,,,,
list,2048,1839,247,8,,,,
list,2048,1840,378,12,,,,
list,2048,1841,592,19,,,,
list,2048,1842,641,21,,,,
list,2048,1843,365,12,,,,
list,2048,1844,361,12,,,,
list,2048,1845,447,14,,,,
list,2048,1846,680,22,,,,
list,2048,1847,645,21,,,,
list,2048,1848,553,18,,,,
list,2048,1849,372,12,,,,
list,2048,1850,467,15,,,,
list,2048,1851,1038,33,,,,
list,2048,1852,380,12,,,,
list,2048,1853,763,24,,,,
list,2048,1854,669,21,,,,
list,2048,1855,515,17,,,,
list,2048,1856,617,20,,,,
list,2048,1857,492,16,,,,
list,2048,1858,518,17,,,,
list,2048,1859,617,20,,,,
list,2048,1860,927,29,,,,
list,2048,1861,518,17,,,,
list,2048,1862,820,26,,,,
list,2048,1863,1008,32,,,,
list,2048,1864,582,19,,,,
list,2048,1865,512,16,,,,
list,2048,1866,315,10,,,,
list,2048,1867,411,13,,,,
list,2048,1868,914,29,,,,
list,2048,1869,679,22,,,,
list,2048,1870,727,23,,,,
list,2048,1871,725,23,,,,
list,2048,1872,526,17,,,,
list,2048,1873,8,1,,,,
list,2048,1874,812,26,,,,
list,2048,1875,659,21,,,,
list,2048,1876,531,17,,,,
list,2048,1877,657,21,,,,
list,2048,1878,663,21,,,,
list,2048,1879,432,14,,,,
list,2048,1880,563,18,,,,
list,2048,1881,656,21,,,,
list,2048,1882,359,12,,,,
list,2048,1883,498,16,,,,
list,2048,1884,915,29,,,,
list,2048,1885,438,14,,,,
list,2048,1886,487,16,,,,
list,2048,1887,495,16,,,,
list,2048,1888,522,17,,,,
list,2048,1889,316,10,,,,
list,2048,1890,788,25,,,,
list,2048,1891,549,18,,,,
list,2048,1892,624,20,,,,
list,2048,1893,436,14,,,,
list,2048,1894,115,4,,,,
list,2048,1895,719,23,,,,
list,2048,1896,554,18,,,,
list,2048,1897,822,26,,,,
list,2048,1898,427,14,,,,
list,2048,1899,857,27,,,,
list,2048,1900,829,26,,,,
list,2048,1901,713,23,,,,
list,2048,1902,443,14,,,,
list,2048,1903,247,8,,,,
list,2048,1904,852,27,,,,
list,2048,1905,438,14,,,,
list,2048,1906,535,17,,,,
list,2048,1907,481,16,,,,
list,2048,1908,775,25,,,,
list,2048,1909,710,23,,,,
list,2048,1910,588,19,,,,
list,2048,1911,389,13,,,,
list,2048,1912,780,25,,,,
list,2048,1913,857,27,,,,
list,2048,1914,473,15,,,,
list,2048,1915,473,15,,,,
list,2048,1916,274,9,,,,
list,2048,1917,545,18,,,,
list,2048,1918,663,21,,,,
list,2048,1919,501,16,,,,
list,2048,1920,1050,33,,,,
list,2048,1921,477,15,,,,
list,2048,1922,1073,34,,,,
list,2048,1923,540,17,,,,
list,2048,1924,504,16,,,,
list,2048,1925,652,21,,,,
list,2048,1926,339,11,,,,
list,2048,1927,477,15,,,,
list,2048,1928,569,18,,,,
list,2048,1929,152,5,,,,
list,2048,1930,455,15,,,,
list,2048,1931,359,12,,,,
list,2048,1932,442,14,,,,
list,2048,1933,632,20,,,,
list,2048,1934,40,2,,,,
list,2048,1935,362,12,,,,
list,2048,1936,442,14,,,,
list,2048,1937,847,27,,,,
list,2048,1938,456,15,,,,
list,2048,1939,557,18,,,,
list,2048,1940,929,30,,,,
list,2048,1941,451,15,,,,
list,2048,1942,794,25,,,,
list,2048,1943,560,18,,,,
list,2048,1944,931,30,,,,
list,2048,1945,762,24,,,,
list,2048,1946,587,19,,,,
list,2048,1947,364,12,,,,
list,2048,1948,392,13,,,,
list,2048,1949,829,26,,,,
list,2048,1950,798,25,,,,
list,2048,1951,615,20,,,,
list,2048,1952,440,14,,,,
list,2048,1953,299,10,,,,
list,2048,1954,876,28,,,,
list,2048,1955,529,17,,,,
list,2048,1956,690,22,,,,
list,2048,1957,648,21,,,,
list,2048,1958,570,18,,,,
list,2048,1959,444,14,,,,
list,2048,1960,554,18,,,,
list,2048,1961,329,11,,,,
list,2048,1962,651,21,,,,
list,2048,1963,694,22,,,,
list,2048,1964,212,7,,,,
list,2048,1965,739,24,,,,
list,2048,1966,578,19,,,,
list,2048,1967,610,20,,,,
list,2048,1968,490,16,,,,
list,2048,1969,159,5,,,,
list,2048,1970,802,26,,,,
list,2048,1971,455,15,,,,
list,2048,1972,644,21,,,,
list,2048,1973,317,10,,,,
list,2048,1974,480,15,,,,
list,2048,1975,334,11,,,,
list,2048,1976,548,18,,,,
list,2048,1977,442,14,,,,
list,2048,1978,380,12,,,,
list,2048,1979,562,18,,,,
list,2048,1980,507,16,,,,
list,2048,1981,790,25,,,,
list,2048,1982,423,14,,,,
list,2048,1983,774,25,,,,
list,2048,1984,451,15,,,,
list,2048,1985,569,18,,,,
list,2048,1986,675,22,,,,
list,2048,1987,848,27,,,,
list,2048,1988,673,22,,,,
list,2048,1989,555,18,,,,
list,2048,1990,440,14,,,,
list,2048,1991,621,20,,,,
list,2048,1992,651,21,,,,
list,2048,1993,237,8,,,,
list,2048,1994,1053,33,,,,
list,2048,1995,1825,58,,,,
list,2048,1996,411,13,,,,
list,2048,1997,387,13,,,,
list,2048,1998,455,15,,,,
list,2048,1999,359,12,,,,
list,2048,2000,878,28,,,,
list,2048,2001,628,20,,,,
list,2048,2002,945,30,,,,
list,2048,2003,829,26,,,,
list,2048,2004,194,7,,,,
list,2048,2005,550,18,,,,
list,2048,2006,462,15,,,,
list,2048,2007,674,22,,,,
list,2048,2008,577,19,,,,
list,2048,2009,785,25,,,,
list,2048,2010,1193,38,,,,
list,2048,2011,598,19,,,,
list,2048,2012,483,16,,,,
list,2048,2013,365,12,,,,
list,2048,2014,342,11,,,,
list,2048,2015,559,18,,,,
list,2048,2016,817,26,,,,
list,2048,2017,638,20,,,,
list,2048,2018,393,13,,,,
list,2048,2019,639,20,,,,
list,2048,2020,530,17,,,,
list,2048,2021,474,15,,,,
list,2048,2022,485,16,,,,
list,2048,2023,618,20,,,,
list,2048,2024,335,11,,,,
list,2048,2025,399,13,,,,
list,2048,2026,629,20,,,,
list,2048,2027,385,13,,,,
list,2048,2028,617,20,,,,
list,2048,2029,334,11,,,,
list,2048,2030,693,22,,,,
list,2048,2031,295,10,,,,
list,2048,2032,829,26,,,,
list,2048,2033,458,15,,,,
list,2048,2034,356,12,,,,
list,2048,2035,555,18,,,,
list,2048,2036,357,12,,,,
list,2048,2037,441,14,,,,
list,2048,2038,21,1,,,,
list,2048,2039,693,22,,,,
list,2048,2040,398,13,,,,
list,2048,2041,437,14,,,,
list,2048,2042,406,13,,,,
list,2048,2043,777,25,,,,
list,2048,2044,388,13,,,,
list,2048,2045,684,22,,,,
list,2048,2046,202,7,,,,
list,2048,2047,645,21,,,,
summary,2048,,,,18.550781250,18.000000000,60,0.376123679
