nlist,nprobe,batches,valid_queries_total,union_lists_mean,union_lists_median,union_lists_p95,union_lists_max,union_pages_mean,union_pages_median,union_pages_p95,union_pages_max,scanned_fraction_mean,scanned_fraction_median,scanned_fraction_p95,scanned_fraction_max,extra_scan_factor_mean,extra_scan_factor_median,extra_scan_factor_p95,extra_scan_factor_max,imbalance_mean,imbalance_median,imbalance_p95,imbalance_max,worker_pages_max_mean,worker_pages_max_median,worker_pages_max_p95,worker_pages_max_max,active_workers_mean,active_workers_median,active_workers_p95,active_workers_max,faiss_mean_query_scanned_fraction,tt_mean_query_scanned_fraction,total_union_pages,total_scheduled_pages,critical_path_pages,estimated_fine_ms_at_7us_per_page,measured_fine_median_ms,estimate_to_measured_ratio,batches_with_padding_work
512,1,313,10000,30.728434504792332,31.0,32.0,32.0,2645.1277955271566,2655.0,2959.6,3250.0,0.07110697654952076,0.071331645,0.0796279554,0.087379617,30.56453584353035,30.786242926,32.0,32.0,4.275796953373802,4.209100758,5.0667841024,6.568720379,178.87539936102237,175.0,212.0,212.0,26.335463258785943,26.0,29.0,31.0,0.002328450276042362,0.07115897910797844,827925,827964,55988,391.916,232.37,1.6866032620389895,1
512,2,313,10000,59.48242811501598,60.0,63.0,64.0,5023.85303514377,5030.0,5439.4,5697.0,0.13504501655591056,0.135185558,0.146201735,0.153261389,29.469320888952076,29.637643088,31.429823111599998,32.0,2.8786791317348244,2.865420561,3.2342840926,4.844490216,228.81469648562302,227.0,249.0,271.0,41.11182108626198,41.0,45.0,48.0,0.004586382586095306,0.13514131645253036,1572466,1572594,71619,501.333,,,1
512,4,313,10000,110.99680511182109,111.0,117.39999999999998,123.0,9076.88178913738,9107.0,9766.8,10265.0,0.2439482501629393,0.244782909,0.26255371680000006,0.27600265,27.285948323485623,27.372552072,29.2006926874,30.651032831,2.2991914517571885,2.297412381,2.5079246586,3.343801653,330.4632587859425,333.0,343.0,351.0,54.81150159744409,55.0,58.0,61.0,0.008946506589698136,0.24411687770486873,2841064,2841355,103435,724.045,,,1
512,8,313,10000,193.8594249201278,194.0,205.39999999999998,217.0,15308.316293929713,15318.0,16490.8,17262.0,0.4113321119169329,0.411420566,0.44319053259999996,0.464146601,23.613726683242813,23.720837286,25.466499291599998,26.770026196,1.836311363658147,1.829508197,1.9867102352,2.305504587,445.258785942492,448.0,460.0,467.0,61.77955271565495,62.0,63.0,63.0,0.0174315939650904,0.4115846308535429,4791503,4791880,139366,975.562,899.9,1.084078230914546,1
512,16,313,10000,304.1533546325879,304.0,325.4,341.0,23189.367412140575,23214.0,24807.800000000003,26124.0,0.6229420270607029,0.623445097,0.6665225762,0.701872559,18.348029988559105,18.369655639,19.844300212999997,20.839267613,1.5179881111853035,1.517062283,1.6223672377999998,2.16144133,557.667731629393,561.0,573.0,581.0,62.98402555910543,63.0,63.0,63.0,0.0339734668960401,0.6232659121903078,7258272,7258859,174550,1221.8500000000001,1354.51,0.9020605237318293,1
512,32,313,10000,410.90415335463257,412.0,434.4,448.0,30416.43769968051,30545.0,32134.6,33078.0,0.8168921725399361,0.820385733,0.8630608514,0.888377324,12.377955855083068,12.396454861,13.1709999606,13.652178947,1.2569501188785943,1.254783714,1.317466429,1.462860153,606.261980830671,605.0,622.0,622.0,63.0,63.0,63.0,63.0,0.06602442413017505,0.817171883729301,9520345,9521123,189760,1328.32,1768.92,0.7509214662053681,1
1024,1,313,10000,31.313099041533548,32.0,32.0,32.0,1372.5782747603835,1370.0,1537.3999999999999,1667.0,0.03669352750479233,0.036613847,0.041218101,0.044616287,31.200629713495207,32.0,32.0,32.0,4.107268877389776,4.037904893,4.9666525422,7.035943517,89.21086261980831,87.0,106.0,106.0,26.706070287539937,27.0,30.0,31.0,0.001176339105409822,0.036720065837835464,429617,429644,27923,195.461,,,1
1024,2,313,10000,61.6038338658147,62.0,64.0,64.0,2655.888178913738,2653.0,2930.7999999999997,3129.0,0.07098438985303514,0.070884671,0.0784808628,0.083760733,30.58489843673802,30.871543608,32.0,32.0,2.763468180111821,2.753277712,3.0396508187999998,4.849369608,116.01597444089457,115.0,122.0,149.0,40.364217252396166,41.0,44.0,47.0,0.0023220752775210095,0.07103555682484533,831293,831340,36313,254.191,,,1
1024,4,313,10000,118.72523961661342,119.0,124.0,127.0,5024.728434504792,5024.0,5408.599999999999,5828.0,0.1342622984600639,0.134319493,0.14459127659999998,0.156064905,29.356436641277956,29.461691404,30.886826012,31.73407725,2.1242010992939298,2.118275316,2.2857679604,3.338976813,168.92012779552715,170.0,173.0,178.0,54.77955271565495,55.0,58.0,61.0,0.004576149923025837,0.13436639701769476,1572740,1572864,52872,370.104,,,1
1024,8,313,10000,220.77955271565494,221.0,232.0,241.0,9102.169329073482,9094.0,9799.0,10239.0,0.24313781367092652,0.242939247,0.2617381796,0.273971411,27.0857453501885,27.193194495,28.788446113200003,29.825430182,1.7552580927635784,1.750578895,1.8838863611999999,2.301261533,253.08306709265176,254.0,259.0,262.0,61.91054313099041,62.0,63.0,63.0,0.008983365722754441,0.24330849453407397,2848979,2849180,79215,554.505,,,1
1024,16,313,10000,384.2811501597444,385.0,407.0,421.0,15356.434504792333,15404.0,16297.2,17048.0,0.41003907890415336,0.411308189,0.43534930699999996,0.455494401,23.318219937610223,23.3855869,25.037840414799998,26.216265033,1.5161427753035144,1.510371567,1.6205837185999998,2.225965489,368.8785942492013,370.0,376.0,379.0,62.98402555910543,63.0,63.0,63.0,0.017600557154372486,0.4103010769623342,4806564,4807073,115459,808.213,,,1
1024,32,313,10000,602.888178913738,605.0,641.4,665.0,23276.779552715656,23302.0,24837.6,25647.0,0.62127429085623,0.621995177,0.6629743288000001,0.684613786,18.078820477932908,18.082936333,19.5237844562,20.350486585,1.337350954884984,1.336812834,1.4123577986,1.522137586,493.5399361022364,496.0,504.0,508.0,63.0,63.0,63.0,63.0,0.03439464416981971,0.621579691663977,7285632,7286314,154478,1081.346,,,1
2048,1,313,10000,31.642172523961662,32.0,32.0,32.0,673.4185303514377,673.0,746.5999999999999,797.0,0.01778820078913738,0.017778412,0.0197959636,0.021106637,31.606563608520766,32.0,32.0,32.0,3.825509453514377,3.670866142,5.2690663996,8.590909091,40.82108626198083,38.0,58.0,60.0,27.3482428115016,27.0,30.0,31.0,0.0005628240984052575,0.017798366559246447,210780,210790,12777,89.43900000000001,,,1
2048,2,313,10000,62.65495207667732,63.0,64.0,64.0,1321.373801916933,1326.0,1429.4,1527.0,0.03489605096166134,0.035029581,0.037880921,0.040541979,31.256991690910542,31.411731896,32.0,32.0,2.3873820549297124,2.336939722,2.8088709678,4.730913642,49.91373801916933,48.0,60.0,60.0,42.08306709265176,42.0,46.0,49.0,0.0011164690911979072,0.03491882242204148,413590,413611,15623,109.361,,,1
2048,4,313,10000,123.24281150159744,124.0,127.0,128.0,2553.6900958466454,2558.0,2728.3999999999996,2893.0,0.0674045701086262,0.067488851,0.07224266039999999,0.07665731,30.68466553939297,30.825608904,31.7454426916,32.0,1.8375045413003195,1.826802508,1.9636778049999999,2.873239437,74.30031948881789,74.0,76.0,78.0,56.17571884984026,56.0,59.0,61.0,0.0021971481537185027,0.06745167763118982,799305,799363,23256,162.792,,,1
2048,8,313,10000,237.8849840255591,238.0,246.0,251.0,4833.067092651757,4856.0,5108.4,5408.0,0.12750534782108627,0.128135366,0.1349684078,0.143084915,29.55495548389457,29.647250471,30.734099830199998,31.359480325,1.6058157538019169,1.597872776,1.7210081875999999,2.449628844,122.94249201277955,123.0,125.0,128.0,62.17891373801917,62.0,63.0,63.0,0.0043151137206657465,0.12759513246146645,1512750,1512877,38481,269.367,,,1
2048,12,313,10000,344.50159744408944,345.0,358.0,365.0,6922.568690095846,6930.0,7305.6,7696.0,0.1825688169201278,0.182738861,0.1927696672,0.203455979,28.48666408055591,28.583588676,29.7550527128,30.580874487,1.512515048258786,1.506521739,1.6073525392,2.510263221,165.87539936102237,166.0,168.0,172.0,62.88817891373802,63.0,63.0,63.0,0.0064104801464114495,0.182694597951524,2166764,2166970,51919,363.433,,,1
2048,16,313,10000,442.8594249201278,444.0,463.0,473.0,8835.635782747604,8843.0,9316.599999999999,9653.0,0.2329690543801917,0.233181864,0.245665028,0.254656895,27.412293289277954,27.500262242,28.695012516200002,29.842117353,1.4377497920798723,1.434738273,1.523988842,1.929900395,201.3482428115016,202.0,205.0,208.0,62.97124600638978,63.0,63.0,63.0,0.00850114041743486,0.2331272748780327,2765554,2765793,63022,441.154,,,1
2048,32,313,10000,768.0862619808307,768.0,814.1999999999999,840.0,15088.405750798722,15121.0,15956.8,16555.0,0.3976765061086262,0.398530985,0.42066878779999994,0.436342958,23.655593799610223,23.677570467,25.2723109356,26.233582842,1.3210507319648563,1.31771247,1.400277831,1.797034291,315.9329073482428,317.0,320.0,323.0,63.0,63.0,63.0,63.0,0.016818466870691856,0.39792229310341914,4722671,4723125,98887,692.2090000000001,,,1
