platform,nominal_recall_pct,nlist,nprobe,recall_at_10,elapsed_s,integrated_energy_100k_j,energy_mj_per_query,energy_q1_j,energy_q3_j
CPU (56 cores),60,2048,4,0.604640,18.171,6995.69,69.957,6927.20,7089.73
CPU (56 cores),78,2048,16,0.783340,19.667,7981.57,79.816,7901.25,8070.38
CPU (56 cores),88,1024,32,0.884930,17.983,9211.55,92.116,9140.20,9350.89
CPU (56 cores),95,512,64,0.955350,34.376,21872.36,218.724,21830.50,21988.06
CPU (112 cores),60,2048,4,0.604640,18.211,6915.42,69.154,6835.20,7001.95
CPU (112 cores),78,2048,16,0.783340,19.126,7526.78,75.268,7466.76,7746.56
CPU (112 cores),88,1024,32,0.884930,15.314,7292.36,72.924,7269.58,7370.51
CPU (112 cores),95,512,64,0.955350,24.395,14928.76,149.288,14740.81,15060.43
GPU (A100) + CPU,60,2048,4,0.604660,2.828,932.97,9.330,775.77,1085.21
GPU (A100) + CPU,78,2048,16,0.783320,2.795,940.54,9.405,847.18,1018.75
GPU (A100) + CPU,88,1024,32,0.884920,2.862,1064.14,10.641,1020.50,1113.29
GPU (A100) + CPU,95,512,64,0.955290,4.335,2010.66,20.107,1988.86,2131.17
TT + CPU,60,2048,4,0.622390,13.626,3050.09,30.501,3035.91,3075.69
TT + CPU,78,2048,12,0.791570,16.285,3542.92,35.429,3524.61,3562.05
TT + CPU,88,1024,16,0.880260,17.486,3438.38,34.384,3420.50,3456.56
TT + CPU,95,512,32,0.953700,25.294,4692.64,46.926,4669.12,4741.21
