Timestamp,Power_W
1790597867.740613907,66.47
1790597867.823377049,66.47
1790597867.903091242,66.47
1790597867.992308358,66.14
1790597868.111368695,66.47
1790597868.241284146,66.47
1790597868.395602475,66.47
1790597868.536592273,66.47
1790597868.671749718,66.47
1790597868.802776009,66.47
1790597868.937632357,66.47
1790597869.107731268,66.47
1790597869.233678943,79.35
1790597869.371789718,81.16
1790597869.518563404,94.64
1790597869.664630927,101.69
1790597869.801036117,310.02
1790597869.946330351,363.52
1790597870.088976304,377.30
1790597870.248869650,379.45
1790597870.384509034,380.98
1790597870.525377615,382.40
1790597870.663846107,380.98
1790597870.873615348,383.40
1790597871.031609495,383.73
1790597871.162641942,383.40
1790597871.310629609,384.33
1790597871.447712942,384.94
1790597871.584756433,385.61
1790597871.716616220,385.54
1790597871.863634152,384.94
1790597871.995676524,386.47
1790597872.131727108,97.72
1790597872.238320288,97.39
1790597872.319246022,97.39
1790597872.400552591,96.18
1790597872.490848627,94.64
