Type,NList,NProbe,QPS,Recall@K
cpu-batched-112,512,1,267479.520000,0.431850
cpu-batched-112,512,2,144687.425000,0.570610
cpu-batched-112,512,4,81797.630000,0.688880
cpu-batched-112,512,8,43424.710000,0.783170
cpu-batched-112,512,16,22447.180000,0.857250
cpu-batched-112,512,32,11387.175000,0.913730
cpu-batched-112,512,64,5822.055000,0.955350
cpu-batched-112,1024,1,416283.880000,0.396870
cpu-batched-112,1024,2,254869.440000,0.531560
cpu-batched-112,1024,4,148516.500000,0.648840
cpu-batched-112,1024,8,81135.090000,0.745560
cpu-batched-112,1024,16,42880.080000,0.822900
cpu-batched-112,1024,32,22079.255000,0.884930
cpu-batched-112,2048,1,442295.755000,0.363620
cpu-batched-112,2048,2,373301.335000,0.492030
cpu-batched-112,2048,4,266183.835000,0.604640
cpu-batched-112,2048,8,144119.455000,0.701760
cpu-batched-112,2048,16,80074.700000,0.783340
cpu-batched-112,2048,32,43244.765000,0.850830
cpu-batched-56,512,1,149236.820000,0.431850
cpu-batched-56,512,2,82035.660000,0.570610
cpu-batched-56,512,4,43174.670000,0.688880
cpu-batched-56,512,8,21567.595000,0.783170
cpu-batched-56,512,16,11485.280000,0.857250
cpu-batched-56,512,32,6090.340000,0.913730
cpu-batched-56,512,64,3189.535000,0.955350
cpu-batched-56,1024,1,292475.785000,0.396870
cpu-batched-56,1024,2,144841.480000,0.531560
cpu-batched-56,1024,4,83540.055000,0.648840
cpu-batched-56,1024,8,41458.750000,0.745560
cpu-batched-56,1024,16,22337.505000,0.822900
cpu-batched-56,1024,32,11465.840000,0.884930
cpu-batched-56,2048,1,434990.795000,0.363620
cpu-batched-56,2048,2,281646.415000,0.492030
cpu-batched-56,2048,4,151857.530000,0.604640
cpu-batched-56,2048,8,81754.005000,0.701760
cpu-batched-56,2048,16,43863.980000,0.783340
cpu-batched-56,2048,32,22687.035000,0.850830
gpu-batched,512,1,1840335.010000,0.431890
gpu-batched,512,2,1018664.010000,0.570640
gpu-batched,512,4,578222.840000,0.688900
gpu-batched,512,8,313160.790000,0.783200
gpu-batched,512,16,165711.290000,0.857320
gpu-batched,512,32,85691.265000,0.913680
gpu-batched,512,64,43271.350000,0.955290
gpu-batched,1024,1,2853530.505000,0.396870
gpu-batched,1024,2,1667976.325000,0.531560
gpu-batched,1024,4,1004106.465000,0.648840
gpu-batched,1024,8,569268.055000,0.745550
gpu-batched,1024,16,306108.490000,0.822890
gpu-batched,1024,32,160798.995000,0.884920
gpu-batched,2048,1,3804050.500000,0.363240
gpu-batched,2048,2,2364213.725000,0.491780
gpu-batched,2048,4,1583712.345000,0.604660
gpu-batched,2048,8,962376.285000,0.701910
gpu-batched,2048,16,544703.150000,0.783320
gpu-batched,2048,32,294632.580000,0.850680
tt-balanced-sort,512,1,38604.675000,0.467670
tt-balanced-sort,512,2,27180.640000,0.621430
tt-balanced-sort,512,4,17298.795000,0.755730
tt-balanced-sort,512,8,10736.935000,0.858330
tt-balanced-sort,512,16,7228.725000,0.924310
tt-balanced-sort,512,32,5550.355000,0.953700
tt-balanced-sort,1024,1,54839.530000,0.416330
tt-balanced-sort,1024,2,45072.670000,0.560460
tt-balanced-sort,1024,4,28613.050000,0.688790
tt-balanced-sort,1024,8,17289.995000,0.796730
tt-balanced-sort,1024,16,10762.395000,0.880260
tt-balanced-sort,1024,32,7134.315000,0.933460
tt-balanced-sort,2048,1,54608.645000,0.360880
tt-balanced-sort,2048,2,54934.190000,0.494570
tt-balanced-sort,2048,4,49719.585000,0.622390
tt-balanced-sort,2048,8,30044.875000,0.732750
tt-balanced-sort,2048,12,21906.935000,0.791570
tt-balanced-sort,2048,16,17721.800000,0.827990
tt-balanced-sort,2048,32,10650.055000,0.897510
