pcie_slot,core_x,core_y,risc,run_id,zone,phase,block,start_cycle,end_cycle,duration_cycles,start_us,end_us,duration_us,profile_start_cycle,profile_end_cycle
0,1,2,NCRISC,0,FineBubble.Reader.Query,query read,,0,7150,7150,0.000000,7.150000,7.150000,122353177136,122353184286
0,1,2,TRISC_1,0,FineBubble.Compute.QueryWait,query wait,,110,128,18,0.110000,0.128000,0.018000,122353177246,122353177264
0,1,2,TRISC_0,0,FineBubble.Compute.QueryWait,query wait,,180,7177,6997,0.180000,7.177000,6.997000,122353177316,122353184313
0,1,2,TRISC_2,0,FineBubble.Compute.QueryWait,query wait,,220,239,19,0.220000,0.239000,0.019000,122353177356,122353177375
0,1,2,NCRISC,0,FineBubble.Reader.Fetch,reader page fetch (vector + ID),0,7312,15383,8071,7.312000,15.383000,8.071000,122353184448,122353192519
0,1,2,TRISC_1,0,FineBubble.Compute.Work,compute work,0,7553,35079,27526,7.553000,35.079000,27.526000,122353184689,122353212215
0,1,2,TRISC_0,0,FineBubble.Compute.Work,compute work,0,15393,29208,13815,15.393000,29.208000,13.815000,122353192529,122353206344
0,1,2,NCRISC,0,FineBubble.Reader.Fetch,reader page fetch (vector + ID),1,15459,18193,2734,15.459000,18.193000,2.734000,122353192595,122353195329
0,1,2,TRISC_2,0,FineBubble.Compute.Work,compute work,0,28150,35286,7136,28.150000,35.286000,7.136000,122353205286,122353212422
0,1,2,NCRISC,0,FineBubble.Reader.Fetch,reader page fetch (vector + ID),2,29223,30826,1603,29.223000,30.826000,1.603000,122353206359,122353207962
0,1,2,TRISC_0,0,FineBubble.Compute.Work,compute work,1,29338,36503,7165,29.338000,36.503000,7.165000,122353206474,122353213639
0,1,2,TRISC_1,0,FineBubble.Compute.Work,compute work,1,35216,42393,7177,35.216000,42.393000,7.177000,122353212352,122353219529
0,1,2,TRISC_2,0,FineBubble.Compute.Work,compute work,1,35334,42580,7246,35.334000,42.580000,7.246000,122353212470,122353219716
0,1,2,NCRISC,0,FineBubble.Reader.Fetch,reader page fetch (vector + ID),3,36528,44087,7559,36.528000,44.087000,7.559000,122353213664,122353221223
0,1,2,TRISC_0,0,FineBubble.Compute.Work,compute work,2,36634,43863,7229,36.634000,43.863000,7.229000,122353213770,122353220999
0,1,2,TRISC_1,0,FineBubble.Compute.Work,compute work,2,42530,49752,7222,42.530000,49.752000,7.222000,122353219666,122353226888
0,1,2,TRISC_2,0,FineBubble.Compute.Work,compute work,2,42623,49942,7319,42.623000,49.942000,7.319000,122353219759,122353227078
0,1,2,TRISC_0,0,FineBubble.Compute.Work,compute work,3,44086,51179,7093,44.086000,51.179000,7.093000,122353221222,122353228315
0,1,2,NCRISC,0,FineBubble.Reader.Fetch,reader page fetch (vector + ID),4,44163,54988,10825,44.163000,54.988000,10.825000,122353221299,122353232124
0,1,2,TRISC_1,0,FineBubble.Compute.Work,compute work,3,49885,57036,7151,49.885000,57.036000,7.151000,122353227021,122353234172
0,1,2,TRISC_2,0,FineBubble.Compute.Work,compute work,3,49986,57230,7244,49.986000,57.230000,7.244000,122353227122,122353234366
0,1,2,TRISC_0,0,FineBubble.Compute.Work,compute work,4,54999,58480,3481,54.999000,58.480000,3.481000,122353232135,122353235616
0,1,2,NCRISC,0,FineBubble.Reader.Fetch,reader page fetch (vector + ID),5,55065,75604,20539,55.065000,75.604000,20.539000,122353232201,122353252740
0,1,2,TRISC_1,0,FineBubble.Compute.Work,compute work,4,57172,64322,7150,57.172000,64.322000,7.150000,122353234308,122353241458
0,1,2,TRISC_2,0,FineBubble.Compute.Work,compute work,4,57273,64515,7242,57.273000,64.515000,7.242000,122353234409,122353241651
0,1,2,TRISC_1,0,FineBubble.Compute.Work,compute work,5,64456,82941,18485,64.456000,82.941000,18.485000,122353241592,122353260077
0,1,2,TRISC_2,0,FineBubble.Compute.Work,compute work,5,64559,83124,18565,64.559000,83.124000,18.565000,122353241695,122353260260
0,1,2,TRISC_0,0,FineBubble.Compute.Work,compute work,5,75605,77014,1409,75.605000,77.014000,1.409000,122353252741,122353254150
0,1,2,NCRISC,0,FineBubble.Reader.Fetch,reader page fetch (vector + ID),6,75680,90366,14686,75.680000,90.366000,14.686000,122353252816,122353267502
0,1,2,TRISC_1,0,FineBubble.Compute.Work,compute work,6,83078,97656,14578,83.078000,97.656000,14.578000,122353260214,122353274792
0,1,2,TRISC_2,0,FineBubble.Compute.Work,compute work,6,83167,97847,14680,83.167000,97.847000,14.680000,122353260303,122353274983
0,1,2,TRISC_0,0,FineBubble.Compute.Work,compute work,6,90377,91784,1407,90.377000,91.784000,1.407000,122353267513,122353268920
0,1,2,NCRISC,0,FineBubble.Reader.Fetch,reader page fetch (vector + ID),7,90443,110979,20536,90.443000,110.979000,20.536000,122353267579,122353288115
0,1,2,TRISC_1,0,FineBubble.Compute.Work,compute work,7,97792,118325,20533,97.792000,118.325000,20.533000,122353274928,122353295461
0,1,2,TRISC_2,0,FineBubble.Compute.Work,compute work,7,97893,118508,20615,97.893000,118.508000,20.615000,122353275029,122353295644
0,1,2,TRISC_0,0,FineBubble.Compute.Work,compute work,7,110976,112404,1428,110.976000,112.404000,1.428000,122353288112,122353289540
0,1,2,NCRISC,0,FineBubble.Reader.Fetch,reader page fetch (vector + ID),8,111055,112026,971,111.055000,112.026000,0.971000,122353288191,122353289162
0,1,2,NCRISC,0,FineBubble.Reader.Fetch,reader page fetch (vector + ID),9,112425,113507,1082,112.425000,113.507000,1.082000,122353289561,122353290643
0,1,2,TRISC_0,0,FineBubble.Compute.Work,compute work,8,112533,119767,7234,112.533000,119.767000,7.234000,122353289669,122353296903
0,1,2,TRISC_1,0,FineBubble.Compute.Work,compute work,8,118459,125668,7209,118.459000,125.668000,7.209000,122353295595,122353302804
0,1,2,TRISC_2,0,FineBubble.Compute.Work,compute work,8,118551,125868,7317,118.551000,125.868000,7.317000,122353295687,122353303004
0,1,2,NCRISC,0,FineBubble.Reader.Fetch,reader page fetch (vector + ID),10,119782,121065,1283,119.782000,121.065000,1.283000,122353296918,122353298201
0,1,2,TRISC_0,0,FineBubble.Compute.Work,compute work,9,119897,127082,7185,119.897000,127.082000,7.185000,122353297033,122353304218
0,1,2,TRISC_1,0,FineBubble.Compute.Work,compute work,9,125804,132975,7171,125.804000,132.975000,7.171000,122353302940,122353310111
0,1,2,TRISC_2,0,FineBubble.Compute.Work,compute work,9,125912,133170,7258,125.912000,133.170000,7.258000,122353303048,122353310306
0,1,2,NCRISC,0,FineBubble.Reader.Fetch,reader page fetch (vector + ID),11,127107,128549,1442,127.107000,128.549000,1.442000,122353304243,122353305685
0,1,2,TRISC_0,0,FineBubble.Compute.Work,compute work,10,127213,134416,7203,127.213000,134.416000,7.203000,122353304349,122353311552
0,1,2,TRISC_1,0,FineBubble.Compute.Work,compute work,10,133113,140313,7200,133.113000,140.313000,7.200000,122353310249,122353317449
0,1,2,TRISC_2,0,FineBubble.Compute.Work,compute work,10,133213,140509,7296,133.213000,140.509000,7.296000,122353310349,122353317645
0,1,2,NCRISC,0,FineBubble.Reader.Fetch,reader page fetch (vector + ID),12,134429,136241,1812,134.429000,136.241000,1.812000,122353311565,122353313377
0,1,2,TRISC_0,0,FineBubble.Compute.Work,compute work,11,134555,141727,7172,134.555000,141.727000,7.172000,122353311691,122353318863
0,1,2,TRISC_1,0,FineBubble.Compute.Work,compute work,11,140448,147608,7160,140.448000,147.608000,7.160000,122353317584,122353324744
0,1,2,TRISC_2,0,FineBubble.Compute.Work,compute work,11,140553,147794,7241,140.553000,147.794000,7.241000,122353317689,122353324930
0,1,2,NCRISC,0,FineBubble.Reader.Fetch,reader page fetch (vector + ID),13,141752,144484,2732,141.752000,144.484000,2.732000,122353318888,122353321620
0,1,2,TRISC_0,0,FineBubble.Compute.Work,compute work,12,141866,149048,7182,141.866000,149.048000,7.182000,122353319002,122353326184
0,1,2,TRISC_1,0,FineBubble.Compute.Work,compute work,12,147742,154908,7166,147.742000,154.908000,7.166000,122353324878,122353332044
0,1,2,TRISC_2,0,FineBubble.Compute.Work,compute work,12,147838,155106,7268,147.838000,155.106000,7.268000,122353324974,122353332242
0,1,2,NCRISC,0,FineBubble.Reader.Fetch,reader page fetch (vector + ID),14,149063,149906,843,149.063000,149.906000,0.843000,122353326199,122353327042
0,1,2,TRISC_0,0,FineBubble.Compute.Work,compute work,13,149187,156333,7146,149.187000,156.333000,7.146000,122353326323,122353333469
0,1,2,TRISC_1,0,FineBubble.Compute.Work,compute work,13,155043,162163,7120,155.043000,162.163000,7.120000,122353332179,122353339299
0,1,2,TRISC_2,0,FineBubble.Compute.Work,compute work,13,155150,162356,7206,155.150000,162.356000,7.206000,122353332286,122353339492
0,1,2,NCRISC,0,FineBubble.Reader.Fetch,reader page fetch (vector + ID),15,156350,185354,29004,156.350000,185.354000,29.004000,122353333486,122353362490
0,1,2,TRISC_0,0,FineBubble.Compute.Work,compute work,14,156463,163616,7153,156.463000,163.616000,7.153000,122353333599,122353340752
0,1,2,TRISC_1,0,FineBubble.Compute.Work,compute work,14,162298,169480,7182,162.298000,169.480000,7.182000,122353339434,122353346616
0,1,2,TRISC_2,0,FineBubble.Compute.Work,compute work,14,162399,169673,7274,162.399000,169.673000,7.274000,122353339535,122353346809
0,1,2,TRISC_1,0,FineBubble.Compute.Work,compute work,15,169616,192651,23035,169.616000,192.651000,23.035000,122353346752,122353369787
0,1,2,TRISC_2,0,FineBubble.Compute.Work,compute work,15,169717,192845,23128,169.717000,192.845000,23.128000,122353346853,122353369981
0,1,2,TRISC_0,0,FineBubble.Compute.Work,compute work,15,185353,186751,1398,185.353000,186.751000,1.398000,122353362489,122353363887
