kind,pcie_slot,core_x,core_y,core_role,risc,role,zone,phase,batch_id,start_cycle,end_cycle,duration_cycles,start_us,end_us,duration_us,profile_start_cycle,profile_end_cycle
phase,0,1,1,aggregator,TRISC_1,compute,Compute Res,Reduce partials,0,0,5075521,5075521,0.000000,5075.521000,5075.521000,25771510909,25776586430
phase,0,1,1,aggregator,TRISC_2,compute,Compute Res,Reduce partials,0,473,5075558,5075085,0.473000,5075.558000,5075.085000,25771511382,25776586467
phase,0,1,3,worker,NCRISC,reader,Query,Query read,0,1899,11188,9289,1.899000,11.188000,9.289000,25771512808,25771522097
phase,0,1,3,worker,TRISC_1,compute,Query,Query wait,0,2052,2070,18,2.052000,2.070000,0.018000,25771512961,25771512979
phase,0,1,3,worker,TRISC_0,compute,Query,Query wait,0,2083,11210,9127,2.083000,11.210000,9.127000,25771512992,25771522119
phase,0,1,3,worker,TRISC_2,compute,Query,Query wait,0,2126,2146,20,2.126000,2.146000,0.020000,25771513035,25771513055
phase,0,1,4,worker,NCRISC,reader,Query,Query read,0,5757,16751,10994,5.757000,16.751000,10.994000,25771516666,25771527660
phase,0,1,4,worker,TRISC_1,compute,Query,Query wait,0,5906,5924,18,5.906000,5.924000,0.018000,25771516815,25771516833
phase,0,1,4,worker,TRISC_0,compute,Query,Query wait,0,5933,16773,10840,5.933000,16.773000,10.840000,25771516842,25771527682
phase,0,1,4,worker,TRISC_2,compute,Query,Query wait,0,5977,5996,19,5.977000,5.996000,0.019000,25771516886,25771516905
phase,0,1,2,worker,NCRISC,reader,Query,Query read,0,8147,16969,8822,8.147000,16.969000,8.822000,25771519056,25771527878
phase,0,1,2,worker,TRISC_1,compute,Query,Query wait,0,8303,8321,18,8.303000,8.321000,0.018000,25771519212,25771519230
phase,0,1,2,worker,TRISC_0,compute,Query,Query wait,0,8330,16991,8661,8.330000,16.991000,8.661000,25771519239,25771527900
phase,0,1,2,worker,TRISC_2,compute,Query,Query wait,0,8367,8385,18,8.367000,8.385000,0.018000,25771519276,25771519294
phase,0,1,3,worker,NCRISC,reader,Cluster,Cluster read,0,11230,1389931,1378701,11.230000,1389.931000,1378.701000,25771522139,25772900840
phase,0,1,3,worker,TRISC_0,compute,Cluster,Cluster compute,0,11296,1421095,1409799,11.296000,1421.095000,1409.799000,25771522205,25772932004
phase,0,1,3,worker,TRISC_1,compute,Cluster,Cluster compute,0,11305,1426952,1415647,11.305000,1426.952000,1415.647000,25771522214,25772937861
phase,0,1,4,worker,NCRISC,reader,Cluster,Cluster read,0,16793,1179928,1163135,16.793000,1179.928000,1163.135000,25771527702,25772690837
phase,0,1,4,worker,TRISC_0,compute,Cluster,Cluster compute,0,16859,1219397,1202538,16.859000,1219.397000,1202.538000,25771527768,25772730306
phase,0,1,4,worker,TRISC_1,compute,Cluster,Cluster compute,0,16868,1225210,1208342,16.868000,1225.210000,1208.342000,25771527777,25772736119
phase,0,1,2,worker,NCRISC,reader,Cluster,Cluster read,0,17011,1604075,1587064,17.011000,1604.075000,1587.064000,25771527920,25773114984
phase,0,1,2,worker,TRISC_0,compute,Cluster,Cluster compute,0,17077,1614186,1597109,17.077000,1614.186000,1597.109000,25771527986,25773125095
phase,0,1,2,worker,TRISC_1,compute,Cluster,Cluster compute,0,17086,1620025,1602939,17.086000,1620.025000,1602.939000,25771527995,25773130934
phase,0,1,3,worker,TRISC_2,compute,Cluster,Cluster compute,0,31990,1427156,1395166,31.990000,1427.156000,1395.166000,25771542899,25772938065
phase,0,1,4,worker,TRISC_2,compute,Cluster,Cluster compute,0,37568,1225426,1187858,37.568000,1225.426000,1187.858000,25771548477,25772736335
phase,0,1,2,worker,TRISC_2,compute,Cluster,Cluster compute,0,37777,1620224,1582447,37.777000,1620.224000,1582.447000,25771548686,25773131133
phase,0,1,4,worker,NCRISC,reader,Cluster,Cluster read,0,1179991,1995013,815022,1179.991000,1995.013000,815.022000,25772690900,25773505922
phase,0,1,4,worker,TRISC_0,compute,Cluster,Cluster compute,0,1219445,2025472,806027,1219.445000,2025.472000,806.027000,25772730354,25773536381
phase,0,1,4,worker,TRISC_1,compute,Cluster,Cluster compute,0,1225271,2031291,806020,1225.271000,2031.291000,806.020000,25772736180,25773542200
phase,0,1,4,worker,TRISC_2,compute,Cluster,Cluster compute,0,1225468,2031493,806025,1225.468000,2031.493000,806.025000,25772736377,25773542402
phase,0,1,3,worker,NCRISC,reader,Cluster,Cluster read,0,1390020,2599492,1209472,1390.020000,2599.492000,1209.472000,25772900929,25774110401
phase,0,1,3,worker,TRISC_0,compute,Cluster,Cluster compute,0,1421141,1421204,63,1421.141000,1421.204000,0.063000,25772932050,25772932113
phase,0,1,3,worker,TRISC_0,compute,Cluster,Cluster compute,0,1421247,2624354,1203107,1421.247000,2624.354000,1203.107000,25772932156,25774135263
phase,0,1,3,worker,TRISC_1,compute,Cluster,Cluster compute,0,1427012,1427077,65,1427.012000,1427.077000,0.065000,25772937921,25772937986
phase,0,1,3,worker,TRISC_1,compute,Cluster,Cluster compute,0,1427126,2630191,1203065,1427.126000,2630.191000,1203.065000,25772938035,25774141100
phase,0,1,3,worker,TRISC_2,compute,Cluster,Cluster compute,0,1427200,1427260,60,1427.200000,1427.260000,0.060000,25772938109,25772938169
phase,0,1,3,worker,TRISC_2,compute,Cluster,Cluster compute,0,1427302,2630394,1203092,1427.302000,2630.394000,1203.092000,25772938211,25774141303
phase,0,1,2,worker,NCRISC,reader,Cluster,Cluster read,0,1604138,2381175,777037,1604.138000,2381.175000,777.037000,25773115047,25773892084
phase,0,1,2,worker,TRISC_0,compute,Cluster,Cluster compute,0,1614232,2409335,795103,1614.232000,2409.335000,795.103000,25773125141,25773920244
phase,0,1,2,worker,TRISC_1,compute,Cluster,Cluster compute,0,1620084,2415128,795044,1620.084000,2415.128000,795.044000,25773130993,25773926037
phase,0,1,2,worker,TRISC_2,compute,Cluster,Cluster compute,0,1620267,2415315,795048,1620.267000,2415.315000,795.048000,25773131176,25773926224
phase,0,1,4,worker,NCRISC,reader,Cluster,Cluster read,0,1995103,3009186,1014083,1995.103000,3009.186000,1014.083000,25773506012,25774520095
phase,0,1,4,worker,TRISC_0,compute,Cluster,Cluster compute,0,2025518,2025581,63,2025.518000,2025.581000,0.063000,25773536427,25773536490
phase,0,1,4,worker,TRISC_0,compute,Cluster,Cluster compute,0,2025622,3048891,1023269,2025.622000,3048.891000,1023.269000,25773536531,25774559800
phase,0,1,4,worker,TRISC_1,compute,Cluster,Cluster compute,0,2031351,2031418,67,2031.351000,2031.418000,0.067000,25773542260,25773542327
phase,0,1,4,worker,TRISC_1,compute,Cluster,Cluster compute,0,2031466,3054718,1023252,2031.466000,3054.718000,1023.252000,25773542375,25774565627
phase,0,1,4,worker,TRISC_2,compute,Cluster,Cluster compute,0,2031538,2031600,62,2031.538000,2031.600000,0.062000,25773542447,25773542509
phase,0,1,4,worker,TRISC_2,compute,Cluster,Cluster compute,0,2031645,3054918,1023273,2031.645000,3054.918000,1023.273000,25773542554,25774565827
phase,0,1,2,worker,NCRISC,reader,Cluster,Cluster read,0,2381265,3363399,982134,2381.265000,3363.399000,982.134000,25773892174,25774874308
phase,0,1,2,worker,TRISC_0,compute,Cluster,Cluster compute,0,2409381,2409444,63,2409.381000,2409.444000,0.063000,25773920290,25773920353
phase,0,1,2,worker,TRISC_0,compute,Cluster,Cluster compute,0,2409485,3382867,973382,2409.485000,3382.867000,973.382000,25773920394,25774893776
phase,0,1,2,worker,TRISC_1,compute,Cluster,Cluster compute,0,2415187,2415250,63,2415.187000,2415.250000,0.063000,25773926096,25773926159
phase,0,1,2,worker,TRISC_1,compute,Cluster,Cluster compute,0,2415298,3388678,973380,2415.298000,3388.678000,973.380000,25773926207,25774899587
phase,0,1,2,worker,TRISC_2,compute,Cluster,Cluster compute,0,2415359,2415422,63,2415.359000,2415.422000,0.063000,25773926268,25773926331
phase,0,1,2,worker,TRISC_2,compute,Cluster,Cluster compute,0,2415466,3388864,973398,2415.466000,3388.864000,973.398000,25773926375,25774899773
phase,0,1,3,worker,NCRISC,reader,Cluster,Cluster read,0,2599584,3325214,725630,2599.584000,3325.214000,725.630000,25774110493,25774836123
phase,0,1,3,worker,TRISC_0,compute,Cluster,Cluster compute,0,2624399,2624462,63,2624.399000,2624.462000,0.063000,25774135308,25774135371
phase,0,1,3,worker,TRISC_0,compute,Cluster,Cluster compute,0,2624505,3357168,732663,2624.505000,3357.168000,732.663000,25774135414,25774868077
phase,0,1,3,worker,TRISC_1,compute,Cluster,Cluster compute,0,2630251,2630317,66,2630.251000,2630.317000,0.066000,25774141160,25774141226
phase,0,1,3,worker,TRISC_1,compute,Cluster,Cluster compute,0,2630365,3362963,732598,2630.365000,3362.963000,732.598000,25774141274,25774873872
phase,0,1,3,worker,TRISC_2,compute,Cluster,Cluster compute,0,2630438,2630501,63,2630.438000,2630.501000,0.063000,25774141347,25774141410
phase,0,1,3,worker,TRISC_2,compute,Cluster,Cluster compute,0,2630546,3363161,732615,2630.546000,3363.161000,732.615000,25774141455,25774874070
phase,0,1,4,worker,NCRISC,reader,Cluster,Cluster read,0,3009295,3420107,410812,3009.295000,3420.107000,410.812000,25774520204,25774931016
phase,0,1,4,worker,TRISC_0,compute,Cluster,Cluster compute,0,3048938,3049001,63,3048.938000,3049.001000,0.063000,25774559847,25774559910
phase,0,1,4,worker,TRISC_0,compute,Cluster,Cluster compute,0,3049044,3049105,61,3049.044000,3049.105000,0.061000,25774559953,25774560014
phase,0,1,4,worker,TRISC_0,compute,Cluster,Cluster compute,0,3049148,3450559,401411,3049.148000,3450.559000,401.411000,25774560057,25774961468
phase,0,1,4,worker,TRISC_1,compute,Cluster,Cluster compute,0,3054778,3054845,67,3054.778000,3054.845000,0.067000,25774565687,25774565754
phase,0,1,4,worker,TRISC_1,compute,Cluster,Cluster compute,0,3054894,3054962,68,3054.894000,3054.962000,0.068000,25774565803,25774565871
phase,0,1,4,worker,TRISC_2,compute,Cluster,Cluster compute,0,3054964,3055034,70,3054.964000,3055.034000,0.070000,25774565873,25774565943
phase,0,1,4,worker,TRISC_1,compute,Cluster,Cluster compute,0,3055010,3456349,401339,3055.010000,3456.349000,401.339000,25774565919,25774967258
phase,0,1,4,worker,TRISC_2,compute,Cluster,Cluster compute,0,3055078,3055139,61,3055.078000,3055.139000,0.061000,25774565987,25774566048
phase,0,1,4,worker,TRISC_2,compute,Cluster,Cluster compute,0,3055183,3456538,401355,3055.183000,3456.538000,401.355000,25774566092,25774967447
phase,0,1,3,worker,NCRISC,reader,Query,Query read,1,3325361,3337292,11931,3325.361000,3337.292000,11.931000,25774836270,25774848201
phase,0,1,3,worker,NCRISC,reader,Cluster,Cluster read,1,3337333,4712094,1374761,3337.333000,4712.094000,1374.761000,25774848242,25776223003
phase,0,1,3,worker,TRISC_0,compute,Cluster,Cluster compute,0,3357213,3357276,63,3357.213000,3357.276000,0.063000,25774868122,25774868185
phase,0,1,3,worker,TRISC_0,compute,Cluster,Cluster compute,0,3357319,3357380,61,3357.319000,3357.380000,0.061000,25774868228,25774868289
phase,0,1,3,worker,TRISC_1,compute,Cluster,Cluster compute,0,3363022,3363088,66,3363.022000,3363.088000,0.066000,25774873931,25774873997
phase,0,1,3,worker,TRISC_1,compute,Cluster,Cluster compute,0,3363137,3363204,67,3363.137000,3363.204000,0.067000,25774874046,25774874113
phase,0,1,3,worker,TRISC_2,compute,Cluster,Cluster compute,0,3363207,3363275,68,3363.207000,3363.275000,0.068000,25774874116,25774874184
phase,0,1,3,worker,TRISC_2,compute,Cluster,Cluster compute,0,3363319,3363380,61,3363.319000,3363.380000,0.061000,25774874228,25774874289
phase,0,1,2,worker,NCRISC,reader,Query,Query read,1,3363496,3379539,16043,3363.496000,3379.539000,16.043000,25774874405,25774890448
phase,0,1,3,worker,TRISC_1,compute,Query,Query wait,1,3363607,3363626,19,3363.607000,3363.626000,0.019000,25774874516,25774874535
phase,0,1,3,worker,TRISC_0,compute,Query,Query wait,1,3363681,3363727,46,3363.681000,3363.727000,0.046000,25774874590,25774874636
phase,0,1,3,worker,TRISC_1,compute,Cluster,Cluster compute,1,3363804,4749097,1385293,3363.804000,4749.097000,1385.293000,25774874713,25776260006
phase,0,1,3,worker,TRISC_0,compute,Cluster,Cluster compute,1,3363805,4743295,1379490,3363.805000,4743.295000,1379.490000,25774874714,25776254204
phase,0,1,3,worker,TRISC_2,compute,Query,Query wait,1,3363819,3363847,28,3363.819000,3363.847000,0.028000,25774874728,25774874756
phase,0,1,3,worker,BRISC,writer,Send Res,Send result,0,3364038,3364716,678,3364.038000,3364.716000,0.678000,25774874947,25774875625
phase,0,1,2,worker,NCRISC,reader,Cluster,Cluster read,1,3379580,4985165,1605585,3379.580000,4985.165000,1605.585000,25774890489,25776496074
phase,0,1,3,worker,TRISC_2,compute,Cluster,Cluster compute,1,3384652,4749295,1364643,3384.652000,4749.295000,1364.643000,25774895561,25776260204
phase,0,1,2,worker,TRISC_1,compute,Query,Query wait,1,3389278,3389296,18,3389.278000,3389.296000,0.018000,25774900187,25774900205
phase,0,1,2,worker,TRISC_2,compute,Query,Query wait,1,3389319,3389337,18,3389.319000,3389.337000,0.018000,25774900228,25774900246
phase,0,1,2,worker,TRISC_0,compute,Query,Query wait,1,3389358,3389404,46,3389.358000,3389.404000,0.046000,25774900267,25774900313
phase,0,1,2,worker,TRISC_0,compute,Cluster,Cluster compute,1,3389488,4986531,1597043,3389.488000,4986.531000,1597.043000,25774900397,25776497440
phase,0,1,2,worker,TRISC_1,compute,Cluster,Cluster compute,1,3389511,4992379,1602868,3389.511000,4992.379000,1602.868000,25774900420,25776503288
phase,0,1,2,worker,BRISC,writer,Send Res,Send result,0,3389705,3390545,840,3389.705000,3390.545000,0.840000,25774900614,25774901454
phase,0,1,2,worker,TRISC_2,compute,Cluster,Cluster compute,1,3410227,4992579,1582352,3410.227000,4992.579000,1582.352000,25774921136,25776503488
phase,0,1,4,worker,NCRISC,reader,Query,Query read,1,3420201,3435221,15020,3420.201000,3435.221000,15.020000,25774931110,25774946130
phase,0,1,4,worker,NCRISC,reader,Cluster,Cluster read,1,3435262,4610310,1175048,3435.262000,4610.310000,1175.048000,25774946171,25776121219
phase,0,1,4,worker,TRISC_1,compute,Query,Query wait,1,3456944,3456962,18,3456.944000,3456.962000,0.018000,25774967853,25774967871
phase,0,1,4,worker,TRISC_2,compute,Query,Query wait,1,3456987,3457005,18,3456.987000,3457.005000,0.018000,25774967896,25774967914
phase,0,1,4,worker,TRISC_0,compute,Query,Query wait,1,3457031,3457077,46,3457.031000,3457.077000,0.046000,25774967940,25774967986
phase,0,1,4,worker,TRISC_0,compute,Cluster,Cluster compute,1,3457161,4649525,1192364,3457.161000,4649.525000,1192.364000,25774968070,25776160434
phase,0,1,4,worker,TRISC_1,compute,Cluster,Cluster compute,1,3457173,4655373,1198200,3457.173000,4655.373000,1198.200000,25774968082,25776166282
phase,0,1,4,worker,BRISC,writer,Send Res,Send result,0,3457362,3458047,685,3457.362000,3458.047000,0.685000,25774968271,25774968956
phase,0,1,4,worker,TRISC_2,compute,Cluster,Cluster compute,1,3477902,4655570,1177668,3477.902000,4655.570000,1177.668000,25774988811,25776166479
phase,0,1,1,aggregator,NCRISC,reader,Partial Res,Gather partials,0,4327566,5058191,730625,4327.566000,5058.191000,730.625000,25775838475,25776569100
phase,0,1,1,aggregator,TRISC_0,compute,Compute Res,Reduce partials,0,4328508,5075609,747101,4328.508000,5075.609000,747.101000,25775839417,25776586518
phase,0,1,4,worker,NCRISC,reader,Cluster,Cluster read,1,4610373,5445026,834653,4610.373000,5445.026000,834.653000,25776121282,25776955935
phase,0,1,4,worker,TRISC_0,compute,Cluster,Cluster compute,1,4649571,5470331,820760,4649.571000,5470.331000,820.760000,25776160480,25776981240
phase,0,1,4,worker,TRISC_1,compute,Cluster,Cluster compute,1,4655432,5476135,820703,4655.432000,5476.135000,820.703000,25776166341,25776987044
phase,0,1,4,worker,TRISC_2,compute,Cluster,Cluster compute,1,4655616,5476318,820702,4655.616000,5476.318000,820.702000,25776166525,25776987227
phase,0,1,3,worker,NCRISC,reader,Cluster,Cluster read,1,4712157,5862880,1150723,4712.157000,5862.880000,1150.723000,25776223066,25777373789
phase,0,1,3,worker,TRISC_0,compute,Cluster,Cluster compute,1,4743341,5899277,1155936,4743.341000,5899.277000,1155.936000,25776254250,25777410186
phase,0,1,3,worker,TRISC_1,compute,Cluster,Cluster compute,1,4749157,5905126,1155969,4749.157000,5905.126000,1155.969000,25776260066,25777416035
phase,0,1,3,worker,TRISC_2,compute,Cluster,Cluster compute,1,4749339,5905310,1155971,4749.339000,5905.310000,1155.971000,25776260248,25777416219
phase,0,1,2,worker,NCRISC,reader,Cluster,Cluster read,1,4985257,6188039,1202782,4985.257000,6188.039000,1202.782000,25776496166,25777698948
phase,0,1,2,worker,TRISC_0,compute,Cluster,Cluster compute,1,4986577,4986640,63,4986.577000,4986.640000,0.063000,25776497486,25776497549
phase,0,1,2,worker,TRISC_0,compute,Cluster,Cluster compute,1,4986683,6217391,1230708,4986.683000,6217.391000,1230.708000,25776497592,25777728300
phase,0,1,2,worker,TRISC_1,compute,Cluster,Cluster compute,1,4992439,4992502,63,4992.439000,4992.502000,0.063000,25776503348,25776503411
phase,0,1,2,worker,TRISC_1,compute,Cluster,Cluster compute,1,4992551,6223188,1230637,4992.551000,6223.188000,1230.637000,25776503460,25777734097
phase,0,1,2,worker,TRISC_2,compute,Cluster,Cluster compute,1,4992627,4992689,62,4992.627000,4992.689000,0.062000,25776503536,25776503598
phase,0,1,2,worker,TRISC_2,compute,Cluster,Cluster compute,1,4992733,6223391,1230658,4992.733000,6223.391000,1230.658000,25776503642,25777734300
phase,0,1,1,aggregator,BRISC,writer,Res,Write result,0,5075464,5076587,1123,5075.464000,5076.587000,1.123000,25776586373,25776587496
phase,0,1,1,aggregator,TRISC_1,compute,Compute Res,Reduce partials,1,5075585,7926466,2850881,5075.585000,7926.466000,2850.881000,25776586494,25779437375
phase,0,1,1,aggregator,TRISC_2,compute,Compute Res,Reduce partials,1,5075615,7926481,2850866,5075.615000,7926.481000,2850.866000,25776586524,25779437390
phase,0,1,4,worker,NCRISC,reader,Cluster,Cluster read,1,5445093,6196826,751733,5445.093000,6196.826000,751.733000,25776956002,25777707735
phase,0,1,4,worker,TRISC_0,compute,Cluster,Cluster compute,1,5470377,6229499,759122,5470.377000,6229.499000,759.122000,25776981286,25777740408
phase,0,1,4,worker,TRISC_1,compute,Cluster,Cluster compute,1,5476194,6235325,759131,5476.194000,6235.325000,759.131000,25776987103,25777746234
phase,0,1,4,worker,TRISC_2,compute,Cluster,Cluster compute,1,5476362,6235529,759167,5476.362000,6235.529000,759.167000,25776987271,25777746438
phase,0,1,3,worker,NCRISC,reader,Cluster,Cluster read,1,5862969,6618155,755186,5862.969000,6618.155000,755.186000,25777373878,25778129064
phase,0,1,3,worker,TRISC_0,compute,Cluster,Cluster compute,1,5899323,5899384,61,5899.323000,5899.384000,0.061000,25777410232,25777410293
phase,0,1,3,worker,TRISC_0,compute,Cluster,Cluster compute,1,5899427,6648805,749378,5899.427000,6648.805000,749.378000,25777410336,25778159714
phase,0,1,3,worker,TRISC_1,compute,Cluster,Cluster compute,1,5905186,5905250,64,5905.186000,5905.250000,0.064000,25777416095,25777416159
phase,0,1,3,worker,TRISC_1,compute,Cluster,Cluster compute,1,5905298,6654601,749303,5905.298000,6654.601000,749.303000,25777416207,25778165510
phase,0,1,3,worker,TRISC_2,compute,Cluster,Cluster compute,1,5905352,5905414,62,5905.352000,5905.414000,0.062000,25777416261,25777416323
phase,0,1,3,worker,TRISC_2,compute,Cluster,Cluster compute,1,5905458,6654808,749350,5905.458000,6654.808000,749.350000,25777416367,25778165717
phase,0,1,2,worker,NCRISC,reader,Query,Query read,2,6188162,6239949,51787,6188.162000,6239.949000,51.787000,25777699071,25777750858
phase,0,1,4,worker,NCRISC,reader,Cluster,Cluster read,1,6196936,6636760,439824,6196.936000,6636.760000,439.824000,25777707845,25778147669
phase,0,1,2,worker,TRISC_0,compute,Cluster,Cluster compute,1,6217436,6217499,63,6217.436000,6217.499000,0.063000,25777728345,25777728408
phase,0,1,2,worker,TRISC_1,compute,Cluster,Cluster compute,1,6223248,6223314,66,6223.248000,6223.314000,0.066000,25777734157,25777734223
phase,0,1,2,worker,TRISC_2,compute,Cluster,Cluster compute,1,6223437,6223499,62,6223.437000,6223.499000,0.062000,25777734346,25777734408
phase,0,1,2,worker,TRISC_1,compute,Query,Query wait,2,6223829,6223848,19,6223.829000,6223.848000,0.019000,25777734738,25777734757
phase,0,1,2,worker,TRISC_2,compute,Query,Query wait,2,6223910,6223929,19,6223.910000,6223.929000,0.019000,25777734819,25777734838
phase,0,1,2,worker,TRISC_0,compute,Query,Query wait,2,6223918,6239972,16054,6223.918000,6239.972000,16.054000,25777734827,25777750881
phase,0,1,2,worker,BRISC,writer,Send Res,Send result,1,6224173,6224842,669,6224.173000,6224.842000,0.669000,25777735082,25777735751
phase,0,1,4,worker,TRISC_0,compute,Cluster,Cluster compute,1,6229544,6229608,64,6229.544000,6229.608000,0.064000,25777740453,25777740517
phase,0,1,4,worker,TRISC_0,compute,Cluster,Cluster compute,1,6229651,6229712,61,6229.651000,6229.712000,0.061000,25777740560,25777740621
phase,0,1,4,worker,TRISC_0,compute,Cluster,Cluster compute,1,6229755,6666483,436728,6229.755000,6666.483000,436.728000,25777740664,25778177392
phase,0,1,4,worker,TRISC_1,compute,Cluster,Cluster compute,1,6235385,6235453,68,6235.385000,6235.453000,0.068000,25777746294,25777746362
phase,0,1,4,worker,TRISC_1,compute,Cluster,Cluster compute,1,6235501,6235564,63,6235.501000,6235.564000,0.063000,25777746410,25777746473
phase,0,1,4,worker,TRISC_2,compute,Cluster,Cluster compute,1,6235573,6235637,64,6235.573000,6235.637000,0.064000,25777746482,25777746546
phase,0,1,4,worker,TRISC_1,compute,Cluster,Cluster compute,1,6235614,6672299,436685,6235.614000,6672.299000,436.685000,25777746523,25778183208
phase,0,1,4,worker,TRISC_2,compute,Cluster,Cluster compute,1,6235681,6235742,61,6235.681000,6235.742000,0.061000,25777746590,25777746651
phase,0,1,4,worker,TRISC_2,compute,Cluster,Cluster compute,1,6235786,6672494,436708,6235.786000,6672.494000,436.708000,25777746695,25778183403
phase,0,1,2,worker,NCRISC,reader,Cluster,Cluster read,2,6239991,7260057,1020066,6239.991000,7260.057000,1020.066000,25777750900,25778770966
phase,0,1,2,worker,TRISC_0,compute,Cluster,Cluster compute,2,6240048,7273175,1033127,6240.048000,7273.175000,1033.127000,25777750957,25778784084
phase,0,1,2,worker,TRISC_1,compute,Cluster,Cluster compute,2,6240067,7278979,1038912,6240.067000,7278.979000,1038.912000,25777750976,25778789888
phase,0,1,2,worker,TRISC_2,compute,Cluster,Cluster compute,2,6260805,7279173,1018368,6260.805000,7279.173000,1018.368000,25777771714,25778790082
phase,0,1,3,worker,NCRISC,reader,Query,Query read,2,6618317,6630554,12237,6618.317000,6630.554000,12.237000,25778129226,25778141463
phase,0,1,3,worker,NCRISC,reader,Cluster,Cluster read,2,6630596,7433474,802878,6630.596000,7433.474000,802.878000,25778141505,25778944383
phase,0,1,4,worker,NCRISC,reader,Query,Query read,2,6636880,6645332,8452,6636.880000,6645.332000,8.452000,25778147789,25778156241
phase,0,1,4,worker,NCRISC,reader,Cluster,Cluster read,2,6645374,7343342,697968,6645.374000,7343.342000,697.968000,25778156283,25778854251
phase,0,1,3,worker,TRISC_0,compute,Cluster,Cluster compute,1,6648850,6648913,63,6648.850000,6648.913000,0.063000,25778159759,25778159822
phase,0,1,3,worker,TRISC_0,compute,Cluster,Cluster compute,1,6648956,6649017,61,6648.956000,6649.017000,0.061000,25778159865,25778159926
phase,0,1,3,worker,TRISC_0,compute,Cluster,Cluster compute,1,6649060,6649122,62,6649.060000,6649.122000,0.062000,25778159969,25778160031
phase,0,1,3,worker,TRISC_1,compute,Cluster,Cluster compute,1,6654662,6654728,66,6654.662000,6654.728000,0.066000,25778165571,25778165637
phase,0,1,3,worker,TRISC_1,compute,Cluster,Cluster compute,1,6654778,6654841,63,6654.778000,6654.841000,0.063000,25778165687,25778165750
phase,0,1,3,worker,TRISC_2,compute,Cluster,Cluster compute,1,6654856,6654919,63,6654.856000,6654.919000,0.063000,25778165765,25778165828
phase,0,1,3,worker,TRISC_1,compute,Cluster,Cluster compute,1,6654890,6654949,59,6654.890000,6654.949000,0.059000,25778165799,25778165858
phase,0,1,3,worker,TRISC_2,compute,Cluster,Cluster compute,1,6654964,6655025,61,6654.964000,6655.025000,0.061000,25778165873,25778165934
phase,0,1,3,worker,TRISC_2,compute,Cluster,Cluster compute,1,6655069,6655128,59,6655.069000,6655.128000,0.059000,25778165978,25778166037
phase,0,1,3,worker,TRISC_1,compute,Query,Query wait,2,6655331,6655349,18,6655.331000,6655.349000,0.018000,25778166240,25778166258
phase,0,1,3,worker,TRISC_0,compute,Query,Query wait,2,6655404,6655450,46,6655.404000,6655.450000,0.046000,25778166313,25778166359
phase,0,1,3,worker,TRISC_0,compute,Cluster,Cluster compute,2,6655526,7470301,814775,6655.526000,7470.301000,814.775000,25778166435,25778981210
phase,0,1,3,worker,TRISC_1,compute,Cluster,Cluster compute,2,6655530,7476184,820654,6655.530000,7476.184000,820.654000,25778166439,25778987093
phase,0,1,3,worker,TRISC_2,compute,Query,Query wait,2,6655570,6655588,18,6655.570000,6655.588000,0.018000,25778166479,25778166497
phase,0,1,3,worker,BRISC,writer,Send Res,Send result,1,6655746,6656715,969,6655.746000,6656.715000,0.969000,25778166655,25778167624
phase,0,1,4,worker,TRISC_0,compute,Cluster,Cluster compute,1,6666529,6666592,63,6666.529000,6666.592000,0.063000,25778177438,25778177501
phase,0,1,4,worker,TRISC_1,compute,Cluster,Cluster compute,1,6672358,6672424,66,6672.358000,6672.424000,0.066000,25778183267,25778183333
phase,0,1,4,worker,TRISC_2,compute,Cluster,Cluster compute,1,6672540,6672602,62,6672.540000,6672.602000,0.062000,25778183449,25778183511
phase,0,1,4,worker,TRISC_1,compute,Query,Query wait,2,6672933,6672951,18,6672.933000,6672.951000,0.018000,25778183842,25778183860
phase,0,1,4,worker,TRISC_2,compute,Query,Query wait,2,6673016,6673034,18,6673.016000,6673.034000,0.018000,25778183925,25778183943
phase,0,1,4,worker,TRISC_0,compute,Query,Query wait,2,6673028,6673074,46,6673.028000,6673.074000,0.046000,25778183937,25778183983
phase,0,1,4,worker,TRISC_0,compute,Cluster,Cluster compute,2,6673150,7383353,710203,6673.150000,7383.353000,710.203000,25778184059,25778894262
phase,0,1,4,worker,TRISC_1,compute,Cluster,Cluster compute,2,6673169,7389158,715989,6673.169000,7389.158000,715.989000,25778184078,25778900067
phase,0,1,4,worker,BRISC,writer,Send Res,Send result,1,6673360,6674025,665,6673.360000,6674.025000,0.665000,25778184269,25778184934
phase,0,1,3,worker,TRISC_2,compute,Cluster,Cluster compute,2,6676392,7476383,799991,6676.392000,7476.383000,799.991000,25778187301,25778987292
phase,0,1,4,worker,TRISC_2,compute,Cluster,Cluster compute,2,6693869,7389352,695483,6693.869000,7389.352000,695.483000,25778204778,25778900261
phase,0,1,2,worker,NCRISC,reader,Cluster,Cluster read,2,7260120,7716097,455977,7260.120000,7716.097000,455.977000,25778771029,25779227006
phase,0,1,2,worker,TRISC_0,compute,Cluster,Cluster compute,2,7273221,7746999,473778,7273.221000,7746.999000,473.778000,25778784130,25779257908
phase,0,1,2,worker,TRISC_1,compute,Cluster,Cluster compute,2,7279039,7752840,473801,7279.039000,7752.840000,473.801000,25778789948,25779263749
phase,0,1,2,worker,TRISC_2,compute,Cluster,Cluster compute,2,7279215,7753025,473810,7279.215000,7753.025000,473.810000,25778790124,25779263934
phase,0,1,4,worker,NCRISC,reader,Cluster,Cluster read,2,7343408,7837743,494335,7343.408000,7837.743000,494.335000,25778854317,25779348652
phase,0,1,4,worker,TRISC_0,compute,Cluster,Cluster compute,2,7383399,7874745,491346,7383.399000,7874.745000,491.346000,25778894308,25779385654
phase,0,1,4,worker,TRISC_1,compute,Cluster,Cluster compute,2,7389217,7880541,491324,7389.217000,7880.541000,491.324000,25778900126,25779391450
phase,0,1,4,worker,TRISC_2,compute,Cluster,Cluster compute,2,7389396,7880733,491337,7389.396000,7880.733000,491.337000,25778900305,25779391642
phase,0,1,3,worker,NCRISC,reader,Cluster,Cluster read,2,7433537,8110592,677055,7433.537000,8110.592000,677.055000,25778944446,25779621501
phase,0,1,3,worker,TRISC_0,compute,Cluster,Cluster compute,2,7470347,8150162,679815,7470.347000,8150.162000,679.815000,25778981256,25779661071
phase,0,1,1,aggregator,NCRISC,reader,Partial Res,Gather partials,1,7472772,7909186,436414,7472.772000,7909.186000,436.414000,25778983681,25779420095
phase,0,1,1,aggregator,TRISC_0,compute,Compute Res,Reduce partials,1,7473711,7926550,452839,7473.711000,7926.550000,452.839000,25778984620,25779437459
phase,0,1,3,worker,TRISC_1,compute,Cluster,Cluster compute,2,7476243,8155947,679704,7476.243000,8155.947000,679.704000,25778987152,25779666856
phase,0,1,3,worker,TRISC_2,compute,Cluster,Cluster compute,2,7476427,8156151,679724,7476.427000,8156.151000,679.724000,25778987336,25779667060
phase,0,1,2,worker,TRISC_0,compute,Cluster,Cluster compute,2,7747047,7747110,63,7747.047000,7747.110000,0.063000,25779257956,25779258019
phase,0,1,2,worker,TRISC_0,compute,Cluster,Cluster compute,2,7747153,7747215,62,7747.153000,7747.215000,0.062000,25779258062,25779258124
phase,0,1,2,worker,TRISC_1,compute,Cluster,Cluster compute,2,7752899,7752963,64,7752.899000,7752.963000,0.064000,25779263808,25779263872
phase,0,1,2,worker,TRISC_1,compute,Cluster,Cluster compute,2,7753011,7753086,75,7753.011000,7753.086000,0.075000,25779263920,25779263995
phase,0,1,2,worker,TRISC_2,compute,Cluster,Cluster compute,2,7753067,7753131,64,7753.067000,7753.131000,0.064000,25779263976,25779264040
phase,0,1,2,worker,TRISC_2,compute,Cluster,Cluster compute,2,7753175,7753237,62,7753.175000,7753.237000,0.062000,25779264084,25779264146
phase,0,1,4,worker,NCRISC,reader,Cluster,Cluster read,2,7837806,8292158,454352,7837.806000,8292.158000,454.352000,25779348715,25779803067
phase,0,1,4,worker,TRISC_0,compute,Cluster,Cluster compute,2,7874792,8324999,450207,7874.792000,8324.999000,450.207000,25779385701,25779835908
phase,0,1,4,worker,TRISC_1,compute,Cluster,Cluster compute,2,7880600,8330800,450200,7880.600000,8330.800000,450.200000,25779391509,25779841709
phase,0,1,4,worker,TRISC_2,compute,Cluster,Cluster compute,2,7880777,8331003,450226,7880.777000,8331.003000,450.226000,25779391686,25779841912
phase,0,1,2,worker,BRISC,writer,Send Res,Send result,2,7907514,7908182,668,7907.514000,7908.182000,0.668000,25779418423,25779419091
phase,0,1,1,aggregator,BRISC,writer,Res,Write result,1,7926408,7927545,1137,7926.408000,7927.545000,1.137000,25779437317,25779438454
phase,0,1,1,aggregator,TRISC_1,compute,Compute Res,Reduce partials,2,7926539,9888687,1962148,7926.539000,9888.687000,1962.148000,25779437448,25781399596
phase,0,1,1,aggregator,TRISC_2,compute,Compute Res,Reduce partials,2,7926546,9888718,1962172,7926.546000,9888.718000,1962.172000,25779437455,25781399627
phase,0,1,3,worker,NCRISC,reader,Cluster,Cluster read,2,8110721,8295006,184285,8110.721000,8295.006000,184.285000,25779621630,25779805915
phase,0,1,3,worker,TRISC_0,compute,Cluster,Cluster compute,2,8150208,8150271,63,8150.208000,8150.271000,0.063000,25779661117,25779661180
phase,0,1,3,worker,TRISC_0,compute,Cluster,Cluster compute,2,8150314,8150375,61,8150.314000,8150.375000,0.061000,25779661223,25779661284
phase,0,1,3,worker,TRISC_0,compute,Cluster,Cluster compute,2,8150418,8150479,61,8150.418000,8150.479000,0.061000,25779661327,25779661388
phase,0,1,3,worker,TRISC_0,compute,Cluster,Cluster compute,2,8150523,8331005,180482,8150.523000,8331.005000,180.482000,25779661432,25779841914
phase,0,1,3,worker,TRISC_1,compute,Cluster,Cluster compute,2,8156006,8156072,66,8156.006000,8156.072000,0.066000,25779666915,25779666981
phase,0,1,3,worker,TRISC_1,compute,Cluster,Cluster compute,2,8156120,8156183,63,8156.120000,8156.183000,0.063000,25779667029,25779667092
phase,0,1,3,worker,TRISC_2,compute,Cluster,Cluster compute,2,8156196,8156262,66,8156.196000,8156.262000,0.066000,25779667105,25779667171
phase,0,1,3,worker,TRISC_1,compute,Cluster,Cluster compute,2,8156232,8156292,60,8156.232000,8156.292000,0.060000,25779667141,25779667201
phase,0,1,3,worker,TRISC_2,compute,Cluster,Cluster compute,2,8156307,8156367,60,8156.307000,8156.367000,0.060000,25779667216,25779667276
phase,0,1,3,worker,TRISC_1,compute,Cluster,Cluster compute,2,8156341,8336828,180487,8156.341000,8336.828000,180.487000,25779667250,25779847737
phase,0,1,3,worker,TRISC_2,compute,Cluster,Cluster compute,2,8156412,8156471,59,8156.412000,8156.471000,0.059000,25779667321,25779667380
phase,0,1,3,worker,TRISC_2,compute,Cluster,Cluster compute,2,8156515,8337028,180513,8156.515000,8337.028000,180.513000,25779667424,25779847937
phase,0,1,4,worker,NCRISC,reader,Cluster,Cluster read,2,8292247,8634370,342123,8292.247000,8634.370000,342.123000,25779803156,25780145279
phase,0,1,3,worker,NCRISC,reader,Cluster,Cluster read,2,8295069,8461106,166037,8295.069000,8461.106000,166.037000,25779805978,25779972015
phase,0,1,4,worker,TRISC_0,compute,Cluster,Cluster compute,2,8325044,8325107,63,8325.044000,8325.107000,0.063000,25779835953,25779836016
phase,0,1,4,worker,TRISC_0,compute,Cluster,Cluster compute,2,8325150,8665767,340617,8325.150000,8665.767000,340.617000,25779836059,25780176676
phase,0,1,4,worker,TRISC_1,compute,Cluster,Cluster compute,2,8330860,8330926,66,8330.860000,8330.926000,0.066000,25779841769,25779841835
phase,0,1,4,worker,TRISC_1,compute,Cluster,Cluster compute,2,8330975,8671577,340602,8330.975000,8671.577000,340.602000,25779841884,25780182486
phase,0,1,3,worker,TRISC_0,compute,Cluster,Cluster compute,2,8331050,8493326,162276,8331.050000,8493.326000,162.276000,25779841959,25780004235
phase,0,1,4,worker,TRISC_2,compute,Cluster,Cluster compute,2,8331050,8331113,63,8331.050000,8331.113000,0.063000,25779841959,25779842022
phase,0,1,4,worker,TRISC_2,compute,Cluster,Cluster compute,2,8331157,8671779,340622,8331.157000,8671.779000,340.622000,25779842066,25780182688
phase,0,1,3,worker,TRISC_1,compute,Cluster,Cluster compute,2,8336888,8499142,162254,8336.888000,8499.142000,162.254000,25779847797,25780010051
phase,0,1,3,worker,TRISC_2,compute,Cluster,Cluster compute,2,8337075,8499330,162255,8337.075000,8499.330000,162.255000,25779847984,25780010239
phase,0,1,3,worker,BRISC,writer,Send Res,Send result,2,8500126,8500684,558,8500.126000,8500.684000,0.558000,25780011035,25780011593
phase,0,1,4,worker,TRISC_0,compute,Cluster,Cluster compute,2,8665812,8665875,63,8665.812000,8665.875000,0.063000,25780176721,25780176784
phase,0,1,4,worker,TRISC_0,compute,Cluster,Cluster compute,2,8665918,8665979,61,8665.918000,8665.979000,0.061000,25780176827,25780176888
phase,0,1,4,worker,TRISC_1,compute,Cluster,Cluster compute,2,8671639,8671705,66,8671.639000,8671.705000,0.066000,25780182548,25780182614
phase,0,1,4,worker,TRISC_1,compute,Cluster,Cluster compute,2,8671753,8671815,62,8671.753000,8671.815000,0.062000,25780182662,25780182724
phase,0,1,4,worker,TRISC_2,compute,Cluster,Cluster compute,2,8671823,8671889,66,8671.823000,8671.889000,0.066000,25780182732,25780182798
phase,0,1,4,worker,TRISC_2,compute,Cluster,Cluster compute,2,8671933,8671995,62,8671.933000,8671.995000,0.062000,25780182842,25780182904
phase,0,1,4,worker,BRISC,writer,Send Res,Send result,2,8672599,8673261,662,8672.599000,8673.261000,0.662000,25780183508,25780184170
phase,0,1,1,aggregator,NCRISC,reader,Partial Res,Gather partials,2,9435096,9871363,436267,9435.096000,9871.363000,436.267000,25780946005,25781382272
phase,0,1,1,aggregator,TRISC_0,compute,Compute Res,Reduce partials,2,9435864,9888770,452906,9435.864000,9888.770000,452.906000,25780946773,25781399679
phase,0,1,1,aggregator,BRISC,writer,Res,Write result,2,9888624,9889720,1096,9888.624000,9889.720000,1.096000,25781399533,25781400629
